split_label,unit,consensus,lo,hi,q25,q75,n_methods
Field,5xupre,0.6865314191579819,0.6160261434316635,0.7022114083170891,0.6828917732089759,0.6902757687866687,10
Field,actin_filament_fastact_spy555_live_cell_dye,0.8867198581496875,0.8271813089648882,0.9044499563674132,0.8763608002259086,0.893805723078549,10
Field,autophagosome_atg101,0.6479114920521776,0.4000226482748985,0.6627972987790902,0.6224014127627016,0.6574134895888467,10
Field,autophagosome_map1lc3b,0.8836796831339597,0.7799509232242903,0.8954352522889772,0.8460973307490348,0.8880230361595749,10
Field,b-catenin,0.48380976426104694,0.2972100331292798,0.4997736849387486,0.4295176703979571,0.4904978830181061,10
Field,c-myc,0.44025331921875466,0.3037561681494116,0.4569639357924461,0.43009653662641845,0.4550587061047553,10
Field,caspase_activity_cellevent-caspase_live-cell_dye,0.5379790937528014,0.4018476241889098,0.5516420675131182,0.49025145698785,0.5450234083225951,10
Field,cell_proliferation_marker_mki67,0.724126768981417,0.64519761155049,0.7416675123075643,0.7168963809808095,0.7310025308281183,10
Field,chaperones_hspa1b,0.7881384740273157,0.7400950508813062,0.7965568092962106,0.7831026636064053,0.792264894458155,10
Field,chromalive_488_excitation,0.7590112266441187,0.6753644394377867,0.7762558954457442,0.744832213781774,0.767090785379211,10
Field,chromatin_h2bc21,0.6293571200221777,0.5227732475847006,0.6504843120773633,0.6085940876354774,0.6414056956147154,10
Field,clathrin_vesicles_clta,0.8590664533277353,0.7391783128182093,0.8765268161892891,0.8553823931142688,0.8636577481714389,10
Field,early_endosome_eea1,0.8212200245509544,0.6017487073938053,0.8358648029466471,0.8087020854776105,0.8310031258190671,10
Field,endocytic_vesicle_ph_phrodo-dextran_live_cell_dye,0.7995495244860649,0.7528857645889124,0.8091263587276141,0.7916450689546763,0.8050413167104126,10
Field,endosome_vps35,0.8104528615872065,0.673032924781243,0.8342737483481566,0.791038721241057,0.8177344100549817,10
Field,er_cona,0.5482332601108484,0.4853827103558513,0.5644079967919323,0.5119446675189667,0.5553801339637074,10
Field,er_golgi_bridge_vapa,0.7369365512703856,0.4970457072942129,0.7584805267552535,0.7042428035289049,0.749406365926067,10
Field,er_golgi_cop-ii_sec23a,0.8402285403261582,0.7140493807693322,0.8539820924401283,0.830200259697934,0.8447732056180635,10
Field,er_golgi_cope,0.8351530912021796,0.7829847127199173,0.8453454191486041,0.8330884790048003,0.8393297951047619,10
Field,er_ncln,0.5475899186916648,0.4086811790242791,0.5569728285074234,0.5273259511217474,0.5557426030437151,10
Field,er_sec61b,0.7529274594038724,0.6765362657606602,0.773090788225333,0.7495162016401689,0.760634406718115,10
Field,f-actin_phalloidin,0.5885464114240474,0.5147585236777863,0.6055306139091651,0.5514866537931893,0.596112660328961,10
Field,fe2+_ferhonox_live-cell_dye,0.9502932922293742,0.7865701386006549,0.9567687208453816,0.9176311336147288,0.9544740946342548,10
Field,late_endosome_rab7a,0.8766107083608707,0.767197276155154,0.8929057759543261,0.8387734473372499,0.8836001809686422,10
Field,lipid_droplet_bodipy_live_cell_dye,0.8536912894497315,0.7134209444125493,0.8735660480956235,0.8459540992354353,0.8598761800055702,10
Field,lipid_droplet_plin2,0.82087157741189,0.7413458488881588,0.8271936838825544,0.8075360163425405,0.8233594975744685,10
Field,lysosome_lamp1,0.7192328711350758,0.4986320300648609,0.7377426361044248,0.7020529748251041,0.731529771288236,10
Field,lysosome_lysotracker_live-cell_dye,0.879097596804301,0.8066416084766388,0.8945391740649938,0.8700238151475786,0.8875273904763162,10
Field,microtubules_map4,0.7207583172246814,0.6530168242752552,0.7295723417152962,0.6807913577804963,0.7276213858276606,10
Field,microtubules_tubulin,0.5679772211238742,0.4982959253920449,0.5838324038104878,0.5290942405247027,0.5740661502401863,10
Field,mitochondria_chromalive_561_excitation,0.8029321571191151,0.7397262745847304,0.8216067619621754,0.7993713323026895,0.8123881692066789,10
Field,mitochondria_tomm20,0.519198764850282,0.4383858704111641,0.53589347133206,0.48191244140681294,0.5267037501894972,10
Field,mitochondria_tomm70a,0.7712798667450746,0.7085947381953399,0.7800343515972297,0.7659992368891835,0.7767434832329552,10
Field,nuclear_speckles_srrm2,0.8524704784154892,0.7650330809255441,0.8685186430811882,0.8366634196291367,0.8607795327901839,10
Field,nuclei_hoechst,0.6557332761585712,0.4928416968385378,0.6982331365346909,0.642176592896382,0.6776965727905432,10
Field,nuclei_nucleolive_live_cell_dye,0.7156959493334094,0.4423225914749006,0.7472459686299165,0.663235823996365,0.7311226995972295,10
Field,nucleoli_npm1,0.43291478190157145,0.3098920283632145,0.4470654754175079,0.3889965061150077,0.43863318804651497,10
Field,nucleolus-dfc_fbl,0.8196243062615395,0.7340465237696966,0.8343873808781306,0.8043949854870637,0.8274175793553392,10
Field,nucleolus-gc_npm3,0.8105423917373022,0.6812396029631297,0.828465968122085,0.7581424485892057,0.8156322135900459,10
Field,oxidative_stress_cellrox_live-cell_dye,0.7768987346440553,0.7070931668082873,0.7820478399594625,0.7648549797634284,0.7807994891578952,10
Field,p21,0.4154408246278763,0.3248226054012775,0.4278239551186561,0.40489047537247336,0.4236064214259385,10
Field,p53,0.3682098571707805,0.2644454341133435,0.4031502885123094,0.3395982354010144,0.3872289371863007,10
Field,peroxisome_peroxi_spy650_live_cell_dye,0.8550510088602702,0.7792059442649285,0.8652393698692322,0.8448706223318975,0.8606084839130441,10
Field,plasma_membrane_atp1b3,0.6482989409938456,0.4510488210866848,0.668062456821402,0.6312792401139935,0.6551236061689754,10
Field,plasma_membrane_slc3a2,0.8520079327126344,0.8082270820935568,0.8635219211379687,0.8498231254518033,0.8574985389908154,10
Field,plasma_membrane_wga,0.5994502618701921,0.5325564609219631,0.6156829212274817,0.5640967192128301,0.6073679725846483,10
Field,prb,0.37411418832838533,0.19493114768217,0.454420331120491,0.3694964719400741,0.41580903017272547,10
Field,proteasome_psmb7,0.6491086690376202,0.5635474847008786,0.662401450673739,0.6332095416262746,0.6555353077749412,10
Field,ps6,0.5161315430700779,0.3191355959135883,0.5304459211726984,0.45146599394725245,0.5244441543876504,10
Field,recycling_endosome_tfrc,0.8452484488487244,0.6256361270944277,0.8720988959074021,0.8346330208703876,0.8597277266283829,10
Field,stress_granule_g3bp1,0.8673991384605567,0.7993558888634046,0.8812201229234538,0.8590838998556136,0.8752034371097882,10
Field,trans-golgi_vamp3,0.6354403767734766,0.4442893773317336,0.6619287657241026,0.6144764582316081,0.6485904231046636,10
Gene,5xupre,0.6852997669577598,0.6077727511525154,0.7000962173938751,0.6821014549583198,0.6890853791683912,10
Gene,actin_filament_fastact_spy555_live_cell_dye,0.8888243601967891,0.7796238462130228,0.9047383271157742,0.8846191640322407,0.8951920664869248,10
Gene,autophagosome_atg101,0.6487031785771251,0.3802170591739316,0.6633793552716573,0.6239409467515846,0.6585443869543572,10
Gene,autophagosome_map1lc3b,0.8836353864520787,0.7593304929323494,0.8952306864162287,0.8319642945503195,0.888508604777356,10
Gene,b-catenin,0.48412733860313895,0.3009454100082318,0.4974484308312337,0.43027280014629155,0.4912770199465255,10
Gene,c-myc,0.4427374651158849,0.3040598201410224,0.4655409983793894,0.43196761541068546,0.45787645012140266,10
Gene,caspase_activity_cellevent-caspase_live-cell_dye,0.5309765861059229,0.3960571982897817,0.5447681238253911,0.46884619444014475,0.5396427261487892,10
Gene,cell_proliferation_marker_mki67,0.7243373315781355,0.5899057480196157,0.7420370668172837,0.7190432923535506,0.7310666725660364,10
Gene,chaperones_hspa1b,0.7886588118970395,0.7149856299161911,0.798015179981788,0.781773331326743,0.7921869123975436,10
Gene,chromalive_488_excitation,0.7601024006803832,0.5914660318444173,0.7747236646711826,0.7425969896217188,0.7672941506529848,10
Gene,chromatin_h2bc21,0.6299315237750609,0.5099643933276335,0.649671343465646,0.608758863930901,0.6423410995552937,10
Gene,clathrin_vesicles_clta,0.8596285426368316,0.7173631257067125,0.8770648288230101,0.8558005268995961,0.8705514482532938,10
Gene,early_endosome_eea1,0.8216663558036088,0.5966020817557971,0.8364820592105389,0.8083779184768597,0.8305954539527496,10
Gene,endocytic_vesicle_ph_phrodo-dextran_live_cell_dye,0.7997695931543907,0.7443933761368194,0.8077189554770788,0.7917417614410321,0.8054129630327224,10
Gene,endosome_vps35,0.8139576476067305,0.6387401215732098,0.8342490834494433,0.797581979756554,0.826817819227775,10
Gene,er_cona,0.5486859115047586,0.4706555626458591,0.5650129290504589,0.5150044587130347,0.5570555717787808,10
Gene,er_golgi_bridge_vapa,0.7373763782903551,0.4871062445958765,0.758284901206692,0.7060802060179413,0.7493112831686934,10
Gene,er_golgi_cop-ii_sec23a,0.8401905152946711,0.7094157971441746,0.8525811863442263,0.8306692596524955,0.8455026227359971,10
Gene,er_golgi_cope,0.8353784860422215,0.7708865880966187,0.8449153497815132,0.833805688470602,0.8390287808453043,10
Gene,er_ncln,0.5501994971806805,0.4140086496869722,0.5566784259552756,0.5271364957715075,0.5538498669086646,10
Gene,er_sec61b,0.7470259395738442,0.6698671293755372,0.7668244878451029,0.7429469409088294,0.7551115014900764,10
Gene,f-actin_phalloidin,0.5888648954116635,0.4954783342778682,0.6049004565510485,0.5545222817713188,0.5975892688975566,10
Gene,fe2+_ferhonox_live-cell_dye,0.9508618303885064,0.7725059671511796,0.9574326621989409,0.9144318948499858,0.954799330358704,10
Gene,late_endosome_rab7a,0.8766868499418101,0.7544385194778442,0.8925762228667736,0.8298832151417931,0.8834653354560336,10
Gene,lipid_droplet_bodipy_live_cell_dye,0.8538487911224365,0.704931248476108,0.8742800414562225,0.8464779577528437,0.8677171586702267,10
Gene,lipid_droplet_plin2,0.8190628033131361,0.7399685367941856,0.8273266183833281,0.8056041424473126,0.8231939266746243,10
Gene,lysosome_lamp1,0.7210736350466809,0.511708780253927,0.7441916386286417,0.7042523013427853,0.7300016755859058,10
Gene,lysosome_lysotracker_live-cell_dye,0.8768262361486752,0.788813486136496,0.8941016716261705,0.8399696175397063,0.8829020026450356,10
Gene,microtubules_map4,0.7184862329314152,0.6317804510394732,0.7277115079263845,0.6795110158001384,0.7248861980003616,10
Gene,microtubules_tubulin,0.5687199466344383,0.4787681350277529,0.5848112677948343,0.5317925962826444,0.575810821644134,10
Gene,mitochondria_chromalive_561_excitation,0.8008470283200344,0.717456523453196,0.8152528561651706,0.7987222216402491,0.8088114069153866,10
Gene,mitochondria_tomm20,0.5188070489093661,0.4150087556284334,0.5350904090330004,0.4851830209036255,0.5259933829385166,10
Gene,mitochondria_tomm70a,0.7711315033336481,0.6686088072756926,0.7813347565631072,0.7664113265772661,0.7772311432907979,10
Gene,nuclear_speckles_srrm2,0.8530053858955701,0.7482016776998839,0.8670892854531604,0.8366605947415033,0.8615611344575882,10
Gene,nuclei_hoechst,0.6563352272411187,0.4666955060263474,0.6979319149255753,0.6390740143259366,0.6789483552674452,10
Gene,nuclei_nucleolive_live_cell_dye,0.716421850087742,0.4333666637307033,0.7449739675968885,0.6618478733425339,0.7317861213659247,10
Gene,nucleoli_npm1,0.4336626595507065,0.2920233691939049,0.4482491116142935,0.38327038821039927,0.439326998953604,10
Gene,nucleolus-dfc_fbl,0.8197392154484987,0.7209239068130653,0.8336612259348234,0.8047050723806024,0.828236667253077,10
Gene,nucleolus-gc_npm3,0.8105997546265522,0.5737851338771482,0.8288706029454866,0.7279324216147264,0.8155119506021342,10
Gene,oxidative_stress_cellrox_live-cell_dye,0.7772860606511434,0.6932379968464375,0.7834545828402042,0.7613079310705265,0.7802330072348317,10
Gene,p21,0.41466200927893315,0.321702302445968,0.426112504005432,0.404655915548404,0.422101720025142,10
Gene,p53,0.39230828791856753,0.2752936752140521,0.431851178308328,0.3680390299670398,0.40476923115551466,10
Gene,peroxisome_peroxi_spy650_live_cell_dye,0.8551700289050738,0.7254936049381893,0.8694103727738062,0.8458147543792923,0.862876113752524,10
Gene,plasma_membrane_atp1b3,0.6489113513380289,0.445407001239558,0.6615000086526076,0.6313205697573722,0.6541611767994862,10
Gene,plasma_membrane_slc3a2,0.8518346962829431,0.7988789096474648,0.8628567894299826,0.8498306936273972,0.857507619758447,10
Gene,plasma_membrane_wga,0.5992209978815581,0.5183750703930855,0.616109816564454,0.5675655144577225,0.6083445010499822,10
Gene,prb,0.3136661165952682,0.1966294505943854,0.3681565138945976,0.2927469739659378,0.3405426798310751,10
Gene,proteasome_psmb7,0.6486800791074833,0.5593972905228535,0.6615996636450291,0.6333009895558158,0.6553938797985513,10
Gene,ps6,0.5144789166127641,0.3171608057819927,0.5280386838068565,0.4514798670306724,0.5219614237717664,10
Gene,recycling_endosome_tfrc,0.8456918785969416,0.6275981908043226,0.8720412065585454,0.8353516140331825,0.8598552968973915,10
Gene,stress_granule_g3bp1,0.8674352093289295,0.7783752386768659,0.8806565610071024,0.8589307107031345,0.8755114647870261,10
Gene,trans-golgi_vamp3,0.6369214290132125,0.4286029427622755,0.663793463508288,0.6154668277750412,0.6490392714117965,10
Whole-screen,5xupre,0.6824279983838399,0.6217511460185051,0.6996215889851252,0.6777465269590418,0.6873604287082951,10
Whole-screen,actin_filament_fastact_spy555_live_cell_dye,0.8387351926416159,0.6507670956489771,0.8602622671673694,0.7978109772937994,0.8493382600446542,10
Whole-screen,autophagosome_atg101,0.584350308869034,0.494740342721343,0.6070280494168401,0.5563746992653856,0.5920241558148216,10
Whole-screen,autophagosome_map1lc3b,0.6226170717175895,0.4120243446306328,0.6518029235303402,0.5880666259779699,0.6323042180803087,10
Whole-screen,caspase_activity_cellevent-caspase_live-cell_dye,0.49020937643945206,0.2454992668632864,0.5092586966541905,0.4158900668941593,0.4979145419007788,10
Whole-screen,cell_proliferation_marker_mki67,0.5214705697726458,0.4313488031427065,0.5848479806445539,0.508814076310955,0.5556928939186037,10
Whole-screen,chaperones_hspa1b,0.6613410436548293,0.3736902327176115,0.704548302727441,0.570478955633007,0.6692090599487226,10
Whole-screen,chromalive_488_excitation,0.5872861673124135,0.4688119776546955,0.6120200846344233,0.5789517522789538,0.5974088748916984,10
Whole-screen,chromatin_h2bc21,0.5821977394322555,0.526591516410311,0.6107026729732752,0.5643660887144506,0.5918965920185049,10
Whole-screen,clathrin_vesicles_clta,0.8423128534729282,0.6482930846201876,0.854989605024457,0.803001205669716,0.8500024029053748,10
Whole-screen,endocytic_vesicle_ph_phrodo-dextran_live_cell_dye,0.27211327283779,0.1624059858731925,0.4279360901564359,0.23157352403480516,0.31902128387203743,10
Whole-screen,endosome_vps35,0.7012850445074339,0.6297580095318456,0.7122111674398184,0.6945651812323679,0.7075547341567774,10
Whole-screen,er_golgi_bridge_vapa,0.733453319252779,0.4902185778288791,0.753883754213651,0.7216548218081396,0.7368904469379534,10
Whole-screen,er_golgi_cope,0.3626846863189712,0.302759008850747,0.5494215511716902,0.3492776555088615,0.43674726617367315,10
Whole-screen,er_sec61b,0.7608259283006191,0.6869822512898179,0.7782395171622435,0.757979294233438,0.7666494738207096,10
Whole-screen,fe2+_ferhonox_live-cell_dye,0.1160923820837827,0.0264513228515472,0.2780792505424188,0.0599144298264112,0.21311907023020152,10
Whole-screen,late_endosome_rab7a,0.8368139319742719,0.4199603060602991,0.8518557505061228,0.760761623037979,0.8463337463326752,10
Whole-screen,lipid_droplet_bodipy_live_cell_dye,0.8379492778331041,0.7034248520309727,0.8603838415195544,0.7975345812349891,0.8537128887449701,10
Whole-screen,lipid_droplet_plin2,0.2778391326234365,0.0550707442889688,0.4943442274816334,0.23484397247860514,0.3928146732723689,10
Whole-screen,lysosome_lamp1,0.6969831177654365,0.5504070001188666,0.7226819631954033,0.6832626010291278,0.700167728587985,10
Whole-screen,lysosome_lysotracker_live-cell_dye,0.8505550016545588,0.6667556605146577,0.8668803359485334,0.8031804234617287,0.8613971434533596,10
Whole-screen,mitochondria_chromalive_561_excitation,0.5553179287041228,0.3813549052574672,0.6611887632558744,0.5104476224126604,0.6045602246498069,10
Whole-screen,mitochondria_tomm70a,0.5127421581322171,0.4355830023802506,0.5657865235892435,0.49503788617827615,0.5336948454787489,10
Whole-screen,nuclear_speckles_srrm2,0.5141594864932509,0.4497756771743297,0.5739642614498734,0.4757013714697677,0.5318294468646247,10
Whole-screen,nuclei_nucleolive_live_cell_dye,0.44830927446795,0.2875575982082712,0.486717924165229,0.4415794864326016,0.45884036216496793,10
Whole-screen,nucleolus-dfc_fbl,0.38123990523551277,0.3510985786366897,0.4220679763626928,0.3672886229566453,0.40908327768556774,10
Whole-screen,nucleolus-gc_npm3,0.5596620911965147,0.0782024992984512,0.6798567411800225,0.5291010263026692,0.5859632577824717,10
Whole-screen,oxidative_stress_cellrox_live-cell_dye,0.3808982671325793,0.3307982570501432,0.433715728354097,0.3686845176913872,0.4067779246130763,10
Whole-screen,peroxisome_peroxi_spy650_live_cell_dye,0.5965842539832618,0.5044387907449467,0.6774847817917665,0.5736982478604962,0.6051617740886286,10
Whole-screen,plasma_membrane_atp1b3,0.623936760549744,0.4486858604165414,0.6336505000169078,0.5754047718752797,0.6325869102341434,10
Whole-screen,plasma_membrane_slc3a2,0.8483440071965258,0.8051801690210898,0.8562795457740625,0.8450199151411653,0.8496895525604486,10
Whole-screen,proteasome_psmb7,0.44935225328663364,0.4132612483420719,0.4875253615900874,0.43114925110906666,0.455515035505717,10
Whole-screen,recycling_endosome_tfrc,0.7716882328192394,0.6978847853121503,0.7835854018727939,0.7626941367440546,0.7736919390348096,10
Whole-screen,trans-golgi_vamp3,0.4927434604614973,0.2617338499888622,0.5068931250522535,0.45628590447207285,0.4994414328830316,10
