panel	context	model	fraction	compound	source_pair	reference_loss	predicted_loss	reference_rank	predicted_rank	reference_top	predicted_top	recovered	n_compounds	k	overlap	recall	recall_lower95	recall_upper95	random_expected_overlap	random_expected_recall	enrichment_over_random	random_overlap_lower95	random_overlap_upper95	random_selection_tail_probability	signed_spearman	signed_pearson	selected_reference_loss_mean	selected_reference_loss_min	selected_reference_loss_max	true_top_loss_mean	n_bootstrap	interpretation	measured_repeat_recall	measured_repeat_overlap	recall_difference_from_repeat	difference_lower95	difference_upper95
Figure6d	A_all_heldout	BF_Ridge100	0.05	(2r)-2-(4-Chloro-2-methylphenoxy)propanoic acid	assayworks_prod_26|assayworks_prod_27	-0.02562056303672166	-0.009192991471598482	144.0	151.0	False	False	False																									
Figure6d	A_all_heldout	BF_Ridge100	0.05	1,4-Benzodinitrile	assayworks_prod_26|assayworks_prod_27	-0.0560956467752871	-0.02053340761928292	195.0	179.0	False	False	False																									
Figure6d	A_all_heldout	BF_Ridge100	0.05	1,6-Dichlorohexane	assayworks_prod_26|assayworks_prod_27	-0.07102996720999907	-0.024862434605396066	210.0	194.0	False	False	False																									
Figure6d	A_all_heldout	BF_Ridge100	0.05	2-Bromo-4'-hydroxyacetophenone	assayworks_prod_26|assayworks_prod_27	-0.060067787253554286	-0.01823411327078472	203.0	172.0	False	False	False																									
Figure6d	A_all_heldout	BF_Ridge100	0.05	2-Ethyl-2-(hydroxymethyl)propane-1,3-diol	assayworks_prod_26|assayworks_prod_27	-0.04543118883410223	-0.040207572591829055	179.0	209.0	False	False	False																									
Figure6d	A_all_heldout	BF_Ridge100	0.05	2-Ethylhexan-1-ol	assayworks_prod_26|assayworks_prod_27	-0.04982850193113517	-0.024254048047495834	191.0	191.0	False	False	False																									
Figure6d	A_all_heldout	BF_Ridge100	0.05	4,4-Dimethyloxazolidine	assayworks_prod_26|assayworks_prod_27	-0.04826313891596549	-0.014339162882935816	189.0	164.0	False	False	False																									
Figure6d	A_all_heldout	BF_Ridge100	0.05	4-Aminosalicylic acid	assayworks_prod_25|assayworks_prod_27	-0.08515309142893637	-0.04511227347849822	214.0	214.0	False	False	False																									
Figure6d	A_all_heldout	BF_Ridge100	0.05	4-Nitrophenol	assayworks_prod_26|assayworks_prod_27	-0.013571399250540149	0.0329389378865166	127.0	63.0	False	False	False																									
Figure6d	A_all_heldout	BF_Ridge100	0.05	5-Azacytidine	assayworks_prod_26|assayworks_prod_30	0.0832160145206296	0.06818125793429992	44.0	41.0	False	False	False																									
Figure6d	A_all_heldout	BF_Ridge100	0.05	5-Hydroxymethylfurfural	assayworks_prod_25|assayworks_prod_26	-0.0037314988996671322	-0.00031166997060863913	114.0	127.0	False	False	False																									
Figure6d	A_all_heldout	BF_Ridge100	0.05	Abemaciclib	assayworks_prod_26|assayworks_prod_30	0.3545510243502972	0.3746695530125837	3.0	3.0	True	True	True																									
Figure6d	A_all_heldout	BF_Ridge100	0.05	Acetarsol	assayworks_prod_25|assayworks_prod_27	0.015159230301345611	0.020018378761588178	86.0	78.0	False	False	False																									
Figure6d	A_all_heldout	BF_Ridge100	0.05	Acetylcholine (chloride)	assayworks_prod_25|assayworks_prod_26	0.026669056006315854	-0.0007252853795579083	76.0	129.0	False	False	False																									
Figure6d	A_all_heldout	BF_Ridge100	0.05	Almotriptan	assayworks_prod_25|assayworks_prod_27	-0.006487139001272714	0.009356923450124292	121.0	103.0	False	False	False																									
Figure6d	A_all_heldout	BF_Ridge100	0.05	Altretamine	assayworks_prod_26|assayworks_prod_30	-0.04759867046622261	-0.04469792685218144	186.0	213.0	False	False	False																									
Figure6d	A_all_heldout	BF_Ridge100	0.05	Ampiroxicam	assayworks_prod_25|assayworks_prod_27	-0.03504832828606383	-0.04135957170242412	162.0	211.0	False	False	False																									
Figure6d	A_all_heldout	BF_Ridge100	0.05	Apalutamide	assayworks_prod_25|assayworks_prod_27	0.10610894065188325	-0.0007325848550379793	35.0	130.0	False	False	False																									
Figure6d	A_all_heldout	BF_Ridge100	0.05	Aplaviroc (hydrochloride)	assayworks_prod_25|assayworks_prod_27	0.010798416599847281	0.006834818468537884	91.0	107.0	False	False	False																									
Figure6d	A_all_heldout	BF_Ridge100	0.05	Argatroban	assayworks_prod_25|assayworks_prod_27	-0.004526753464470734	0.008475152265939258	116.0	104.0	False	False	False																									
Figure6d	A_all_heldout	BF_Ridge100	0.05	Aripiprazole	assayworks_prod_25|assayworks_prod_27	0.18524078673858574	0.12234837187871594	18.0	26.0	False	False	False																									
Figure6d	A_all_heldout	BF_Ridge100	0.05	Astemizole	assayworks_prod_25|assayworks_prod_26	0.24645379319807276	0.2292028897607113	8.0	6.0	True	True	True																									
Figure6d	A_all_heldout	BF_Ridge100	0.05	Azelnidipine	assayworks_prod_25|assayworks_prod_27	0.03011744299336621	0.14238713257918037	73.0	19.0	False	False	False																									
Figure6d	A_all_heldout	BF_Ridge100	0.05	Aztreonam	assayworks_prod_25|assayworks_prod_27	-0.011597450282694606	-0.024408216271655226	126.0	192.0	False	False	False																									
Figure6d	A_all_heldout	BF_Ridge100	0.05	Beclometasone	assayworks_prod_25|assayworks_prod_27	0.027630415083705527	-0.022684047196030788	75.0	187.0	False	False	False																									
Figure6d	A_all_heldout	BF_Ridge100	0.05	Bedaquiline (fumarate)	assayworks_prod_25|assayworks_prod_27	0.03495657433202304	0.02806025249988755	71.0	66.0	False	False	False																									
Figure6d	A_all_heldout	BF_Ridge100	0.05	Benzarone	assayworks_prod_25|assayworks_prod_27	-0.04832992988868033	-0.008994657782534075	190.0	150.0	False	False	False																									
Figure6d	A_all_heldout	BF_Ridge100	0.05	Benzoic acid	assayworks_prod_26|assayworks_prod_30	-0.0375122651727735	-0.009841497506797064	168.0	152.0	False	False	False																									
Figure6d	A_all_heldout	BF_Ridge100	0.05	Berotralstat (dihydrochloride)	assayworks_prod_26|assayworks_prod_27	0.13392391971960343	0.08803777018599919	27.0	33.0	False	False	False																									
Figure6d	A_all_heldout	BF_Ridge100	0.05	Biperiden	assayworks_prod_25|assayworks_prod_27	-0.02780359951050384	-0.01526006415455888	150.0	167.0	False	False	False																									
Figure6d	A_all_heldout	BF_Ridge100	0.05	Bithionol	assayworks_prod_25|assayworks_prod_26	0.19085409544894233	0.13152692938568308	17.0	23.0	False	False	False																									
Figure6d	A_all_heldout	BF_Ridge100	0.05	Bosentan	assayworks_prod_26|assayworks_prod_30	0.0014008663162805163	0.017186549755518265	101.0	83.0	False	False	False																									
Figure6d	A_all_heldout	BF_Ridge100	0.05	Cabergoline	assayworks_prod_25|assayworks_prod_27	0.019674942275320302	0.034607743105846196	79.0	58.0	False	False	False																									
Figure6d	A_all_heldout	BF_Ridge100	0.05	Capecitabine	assayworks_prod_25|assayworks_prod_27	-0.013710900925207811	0.011845948327546419	128.0	96.0	False	False	False																									
Figure6d	A_all_heldout	BF_Ridge100	0.05	Capmatinib	assayworks_prod_26|assayworks_prod_30	0.08367397344630699	0.0049083285391989945	43.0	115.0	False	False	False																									
Figure6d	A_all_heldout	BF_Ridge100	0.05	Capsaicin	assayworks_prod_25|assayworks_prod_26	0.019005829063446653	-0.017519440789373078	80.0	170.0	False	False	False																									
Figure6d	A_all_heldout	BF_Ridge100	0.05	Cefaclor	assayworks_prod_26|assayworks_prod_30	-0.015611056265407701	0.006662273423875277	129.0	108.0	False	False	False																									
Figure6d	A_all_heldout	BF_Ridge100	0.05	Cefdinir	assayworks_prod_26|assayworks_prod_30	0.011092435541576247	0.020313957899348315	90.0	77.0	False	False	False																									
Figure6d	A_all_heldout	BF_Ridge100	0.05	Cefepime	assayworks_prod_25|assayworks_prod_26	-0.02500198635718094	0.0007107015760507845	141.0	126.0	False	False	False																									
Figure6d	A_all_heldout	BF_Ridge100	0.05	Cenobamate	assayworks_prod_26|assayworks_prod_27	-0.0291581370098435	-0.004891236051376422	153.0	140.0	False	False	False																									
Figure6d	A_all_heldout	BF_Ridge100	0.05	Chloramphenicol	assayworks_prod_26|assayworks_prod_27	-0.010037876260669307	0.002734986605666473	125.0	118.0	False	False	False																									
Figure6d	A_all_heldout	BF_Ridge100	0.05	Chlorothalonil	assayworks_prod_25|assayworks_prod_27	0.24713687801504158	0.24682808981320822	7.0	4.0	True	True	True																									
Figure6d	A_all_heldout	BF_Ridge100	0.05	Chlorzoxazone	assayworks_prod_25|assayworks_prod_26	-0.027102332967131007	-0.020190414083613533	148.0	177.0	False	False	False																									
Figure6d	A_all_heldout	BF_Ridge100	0.05	Cilnidipine	assayworks_prod_25|assayworks_prod_26	0.006773924050123822	0.05013198570130278	97.0	51.0	False	False	False																									
Figure6d	A_all_heldout	BF_Ridge100	0.05	Cinacalcet	assayworks_prod_26|assayworks_prod_30	0.06793301960156449	0.09129050347123145	51.0	31.0	False	False	False																									
Figure6d	A_all_heldout	BF_Ridge100	0.05	Cisapride	assayworks_prod_25|assayworks_prod_27	0.20919049706687964	0.06502832722173539	13.0	43.0	False	False	False																									
Figure6d	A_all_heldout	BF_Ridge100	0.05	Clofazimine	assayworks_prod_26|assayworks_prod_27	0.05788370713159661	-0.022876546274091615	56.0	188.0	False	False	False																									
Figure6d	A_all_heldout	BF_Ridge100	0.05	Clonidine	assayworks_prod_26|assayworks_prod_30	-0.02512992138339988	0.018224551384979734	142.0	80.0	False	False	False																									
Figure6d	A_all_heldout	BF_Ridge100	0.05	Compound_06965c8b	assayworks_prod_25|assayworks_prod_27	0.03549857394418856	0.05572775194211026	70.0	46.0	False	False	False																									
Figure6d	A_all_heldout	BF_Ridge100	0.05	Compound_14bca51b	assayworks_prod_26|assayworks_prod_27	0.0864764209026876	0.013961871305851067	42.0	88.0	False	False	False																									
Figure6d	A_all_heldout	BF_Ridge100	0.05	Compound_26a3141a	assayworks_prod_25|assayworks_prod_26	0.05428607162574066	0.04158808713241006	57.0	55.0	False	False	False																									
Figure6d	A_all_heldout	BF_Ridge100	0.05	Compound_2aa3c71f	assayworks_prod_26|assayworks_prod_30	0.1665477321645164	0.19104287202920345	21.0	12.0	False	False	False																									
Figure6d	A_all_heldout	BF_Ridge100	0.05	Compound_2aa5e543	assayworks_prod_26|assayworks_prod_30	0.0015294778876114717	-0.00741039169156736	100.0	146.0	False	False	False																									
Figure6d	A_all_heldout	BF_Ridge100	0.05	Compound_2d74381f	assayworks_prod_26|assayworks_prod_30	0.003499552580541472	-0.016755416893802114	99.0	169.0	False	False	False																									
Figure6d	A_all_heldout	BF_Ridge100	0.05	Compound_2e66ae36	assayworks_prod_25|assayworks_prod_27	-0.037307683162499154	0.003382138777744898	167.0	116.0	False	False	False																									
Figure6d	A_all_heldout	BF_Ridge100	0.05	Compound_36ff3535	assayworks_prod_25|assayworks_prod_27	0.04868024166511453	0.006094577734566868	64.0	111.0	False	False	False																									
Figure6d	A_all_heldout	BF_Ridge100	0.05	Compound_43808771	assayworks_prod_26|assayworks_prod_27	-0.005084982222836924	0.007559530363615957	117.0	106.0	False	False	False																									
Figure6d	A_all_heldout	BF_Ridge100	0.05	Compound_4e3771a5	assayworks_prod_26|assayworks_prod_27	-0.023630952975456233	-0.0077438923050941345	139.0	148.0	False	False	False																									
Figure6d	A_all_heldout	BF_Ridge100	0.05	Compound_567dbb1e	assayworks_prod_25|assayworks_prod_26	0.13505397610150388	0.034310482462624504	25.0	60.0	False	False	False																									
Figure6d	A_all_heldout	BF_Ridge100	0.05	Compound_5d6a2392	assayworks_prod_25|assayworks_prod_27	-0.04823625114732892	-0.03643906809960988	188.0	206.0	False	False	False																									
Figure6d	A_all_heldout	BF_Ridge100	0.05	Compound_5ec2a600	assayworks_prod_25|assayworks_prod_27	0.14438402860600882	0.16036800853737695	23.0	15.0	False	False	False																									
Figure6d	A_all_heldout	BF_Ridge100	0.05	Compound_622f7d94	assayworks_prod_26|assayworks_prod_27	0.03155702463202722	0.05539047737782563	72.0	47.0	False	False	False																									
Figure6d	A_all_heldout	BF_Ridge100	0.05	Compound_84d1048d	assayworks_prod_25|assayworks_prod_26	0.00934491452315582	0.002024623998291718	94.0	119.0	False	False	False																									
Figure6d	A_all_heldout	BF_Ridge100	0.05	Compound_a628ede8	assayworks_prod_26|assayworks_prod_30	-0.050134513554149766	-0.0016145442601965682	192.0	133.0	False	False	False																									
Figure6d	A_all_heldout	BF_Ridge100	0.05	Compound_aab77a44	assayworks_prod_25|assayworks_prod_26	-0.03140117082258927	0.025057149702602408	158.0	69.0	False	False	False																									
Figure6d	A_all_heldout	BF_Ridge100	0.05	Compound_ab084aae	assayworks_prod_25|assayworks_prod_26	-0.047408542744275424	-0.020282717558664766	185.0	178.0	False	False	False																									
Figure6d	A_all_heldout	BF_Ridge100	0.05	Compound_baf3c49a	assayworks_prod_25|assayworks_prod_27	-0.0665621498896592	-0.03493212673840234	207.0	205.0	False	False	False																									
Figure6d	A_all_heldout	BF_Ridge100	0.05	Compound_cd9dcad3	assayworks_prod_25|assayworks_prod_27	-0.05864378102663634	-0.056942498336065996	200.0	216.0	False	False	False																									
Figure6d	A_all_heldout	BF_Ridge100	0.05	Compound_d4250270	assayworks_prod_25|assayworks_prod_27	-0.06068598500628402	-0.010131455624829692	204.0	154.0	False	False	False																									
Figure6d	A_all_heldout	BF_Ridge100	0.05	Compound_da37299a	assayworks_prod_26|assayworks_prod_27	-0.04071574895710182	-0.011669100375219954	173.0	157.0	False	False	False																									
Figure6d	A_all_heldout	BF_Ridge100	0.05	Compound_ece6ff71	assayworks_prod_26|assayworks_prod_27	-0.01587174047270544	-0.018619846499309485	130.0	175.0	False	False	False																									
Figure6d	A_all_heldout	BF_Ridge100	0.05	Compound_ed9176f4	assayworks_prod_25|assayworks_prod_26	0.049863190241697934	0.04213273316086209	63.0	54.0	False	False	False																									
Figure6d	A_all_heldout	BF_Ridge100	0.05	Compound_efdb9516	assayworks_prod_26|assayworks_prod_30	0.12019072950520703	0.11590602542172541	32.0	27.0	False	False	False																									
Figure6d	A_all_heldout	BF_Ridge100	0.05	Compound_f7ec0534	assayworks_prod_25|assayworks_prod_27	0.10147676703290666	0.018019032795989244	36.0	81.0	False	False	False																									
Figure6d	A_all_heldout	BF_Ridge100	0.05	Compound_fbc541b1	assayworks_prod_25|assayworks_prod_27	0.013433872789576445	-0.03892132318548602	87.0	207.0	False	False	False																									
Figure6d	A_all_heldout	BF_Ridge100	0.05	Coumarin	assayworks_prod_25|assayworks_prod_27	0.023930878310963757	0.024718420284888368	77.0	70.0	False	False	False																									
Figure6d	A_all_heldout	BF_Ridge100	0.05	Dapagliflozin	assayworks_prod_25|assayworks_prod_26	-0.00010542884684988652	0.004919356101635044	107.0	114.0	False	False	False																									
Figure6d	A_all_heldout	BF_Ridge100	0.05	Dapsone	assayworks_prod_26|assayworks_prod_30	-0.08119052985980026	-0.014084343063446818	213.0	162.0	False	False	False																									
Figure6d	A_all_heldout	BF_Ridge100	0.05	Darifenacin	assayworks_prod_25|assayworks_prod_26	0.12846119475105539	0.06882966612885436	30.0	40.0	False	False	False																									
Figure6d	A_all_heldout	BF_Ridge100	0.05	Darunavir	assayworks_prod_25|assayworks_prod_26	-0.00010206118442007694	0.010109697496056317	106.0	102.0	False	False	False																									
Figure6d	A_all_heldout	BF_Ridge100	0.05	Dasatinib	assayworks_prod_25|assayworks_prod_27	0.38232631576449977	0.4142545950259043	2.0	2.0	True	True	True																									
Figure6d	A_all_heldout	BF_Ridge100	0.05	Deferiprone	assayworks_prod_25|assayworks_prod_26	-0.02804568264147507	0.011528085317137778	151.0	100.0	False	False	False																									
Figure6d	A_all_heldout	BF_Ridge100	0.05	Demeclocycline	assayworks_prod_25|assayworks_prod_27	0.01823223711571833	0.032134906789023046	82.0	64.0	False	False	False																									
Figure6d	A_all_heldout	BF_Ridge100	0.05	Desloratadine	assayworks_prod_26|assayworks_prod_30	0.16794753316418687	0.15787247249715708	19.0	16.0	False	False	False																									
Figure6d	A_all_heldout	BF_Ridge100	0.05	Desogestrel	assayworks_prod_25|assayworks_prod_27	-0.009281835586264484	-0.011691266672600219	124.0	158.0	False	False	False																									
Figure6d	A_all_heldout	BF_Ridge100	0.05	Diatrizoic acid	assayworks_prod_25|assayworks_prod_26	0.009517641333134305	0.0012307356791228501	93.0	123.0	False	False	False																									
Figure6d	A_all_heldout	BF_Ridge100	0.05	Dibutyl phthalate	assayworks_prod_26|assayworks_prod_27	-0.06762382193751953	-0.031223342352336633	208.0	201.0	False	False	False																									
Figure6d	A_all_heldout	BF_Ridge100	0.05	Diclofenac	assayworks_prod_25|assayworks_prod_27	-0.11990355721850324	-0.004917222148782145	217.0	141.0	False	False	False																									
Figure6d	A_all_heldout	BF_Ridge100	0.05	Difenoconazole	assayworks_prod_25|assayworks_prod_27	0.07426449678082399	0.11476856643514492	49.0	28.0	False	False	False																									
Figure6d	A_all_heldout	BF_Ridge100	0.05	Dipropylene glycol	assayworks_prod_26|assayworks_prod_27	-0.05946698744335897	-0.028803803884029706	202.0	197.0	False	False	False																									
Figure6d	A_all_heldout	BF_Ridge100	0.05	Dolasetron	assayworks_prod_25|assayworks_prod_27	0.05976958162542703	0.0373970401786453	54.0	57.0	False	False	False																									
Figure6d	A_all_heldout	BF_Ridge100	0.05	Doravirine	assayworks_prod_26|assayworks_prod_30	-0.027730084604759134	-0.0185474866608129	149.0	174.0	False	False	False																									
Figure6d	A_all_heldout	BF_Ridge100	0.05	Eicosapentaenoic acid ethyl ester	assayworks_prod_25|assayworks_prod_27	-0.02305962188520292	-0.023973660026345735	138.0	190.0	False	False	False																									
Figure6d	A_all_heldout	BF_Ridge100	0.05	Eplerenone	assayworks_prod_26|assayworks_prod_30	-0.04496566953974356	-0.0035514549241473306	178.0	134.0	False	False	False																									
Figure6d	A_all_heldout	BF_Ridge100	0.05	Esfenvalerate	assayworks_prod_25|assayworks_prod_26	-0.0005665227392877073	0.053741981214527536	108.0	48.0	False	False	False																									
Figure6d	A_all_heldout	BF_Ridge100	0.05	Estradiol	assayworks_prod_25|assayworks_prod_27	-0.02600504112416417	0.014392208644583876	145.0	87.0	False	False	False																									
Figure6d	A_all_heldout	BF_Ridge100	0.05	Estragole	assayworks_prod_26|assayworks_prod_30	-0.07386771181895248	-0.04173331747983328	211.0	212.0	False	False	False																									
Figure6d	A_all_heldout	BF_Ridge100	0.05	Estramustine	assayworks_prod_25|assayworks_prod_27	0.09384551228604457	0.050278182624159826	39.0	50.0	False	False	False																									
Figure6d	A_all_heldout	BF_Ridge100	0.05	Ethacrynic acid	assayworks_prod_25|assayworks_prod_27	0.11255566784572127	0.14328232346830927	34.0	18.0	False	False	False																									
Figure6d	A_all_heldout	BF_Ridge100	0.05	Ethionamide	assayworks_prod_25|assayworks_prod_27	-0.002554897488891192	0.0018986385385403501	110.0	120.0	False	False	False																									
Figure6d	A_all_heldout	BF_Ridge100	0.05	Ethylene glycol	assayworks_prod_26|assayworks_prod_30	-0.03908538416136001	-0.02949703030394333	170.0	198.0	False	False	False																									
Figure6d	A_all_heldout	BF_Ridge100	0.05	Ethylvanillin	assayworks_prod_25|assayworks_prod_27	-0.04559945352915404	-0.0012835356987826486	180.0	131.0	False	False	False																									
Figure6d	A_all_heldout	BF_Ridge100	0.05	Etomidate	assayworks_prod_26|assayworks_prod_27	-0.05915742561868996	-0.02149301670291112	201.0	182.0	False	False	False																									
Figure6d	A_all_heldout	BF_Ridge100	0.05	Etoposide	assayworks_prod_25|assayworks_prod_26	-0.0053451614103455225	-0.021793718783262042	119.0	183.0	False	False	False																									
Figure6d	A_all_heldout	BF_Ridge100	0.05	Etoricoxib	assayworks_prod_25|assayworks_prod_27	-0.03041658939226812	-0.018398839622718533	155.0	173.0	False	False	False																									
Figure6d	A_all_heldout	BF_Ridge100	0.05	Etretinate	assayworks_prod_25|assayworks_prod_27	-0.0348862556443698	0.03451379944274645	161.0	59.0	False	False	False																									
Figure6d	A_all_heldout	BF_Ridge100	0.05	Famoxadone	assayworks_prod_25|assayworks_prod_26	0.09859862324336303	0.1294829001042166	37.0	24.0	False	False	False																									
Figure6d	A_all_heldout	BF_Ridge100	0.05	Fenhexamid	assayworks_prod_25|assayworks_prod_27	-0.03635881414663961	-0.026488179702257413	165.0	195.0	False	False	False																									
Figure6d	A_all_heldout	BF_Ridge100	0.05	Fesoterodine	assayworks_prod_26|assayworks_prod_27	0.15946570498382917	0.16835263864667724	22.0	14.0	False	False	False																									
Figure6d	A_all_heldout	BF_Ridge100	0.05	Flecainide	assayworks_prod_25|assayworks_prod_27	0.0640152315946593	0.02382161623506735	53.0	71.0	False	False	False																									
Figure6d	A_all_heldout	BF_Ridge100	0.05	Flonicamid	assayworks_prod_26|assayworks_prod_30	-0.0026432201536237196	0.011552903636472272	111.0	99.0	False	False	False																									
Figure6d	A_all_heldout	BF_Ridge100	0.05	Fluazinam	assayworks_prod_25|assayworks_prod_27	0.2579023234767205	0.22584821789081538	6.0	7.0	True	True	True																									
Figure6d	A_all_heldout	BF_Ridge100	0.05	Flutamide	assayworks_prod_25|assayworks_prod_26	0.11935803439954056	0.02223307784327813	33.0	75.0	False	False	False																									
Figure6d	A_all_heldout	BF_Ridge100	0.05	Furosemide	assayworks_prod_26|assayworks_prod_30	-0.08547085893434889	-0.03323454722841442	215.0	203.0	False	False	False																									
Figure6d	A_all_heldout	BF_Ridge100	0.05	Gemfibrozil	assayworks_prod_26|assayworks_prod_30	-0.017159983542734285	-0.006855891803267217	132.0	144.0	False	False	False																									
Figure6d	A_all_heldout	BF_Ridge100	0.05	Hexylresorcinol	assayworks_prod_25|assayworks_prod_27	-0.0629302291874436	-0.01484174295142747	205.0	166.0	False	False	False																									
Figure6d	A_all_heldout	BF_Ridge100	0.05	Hydroxychloroquine	assayworks_prod_25|assayworks_prod_27	0.1672545360347283	0.13293763996826585	20.0	21.0	False	False	False																									
Figure6d	A_all_heldout	BF_Ridge100	0.05	Hydroxyurea	assayworks_prod_26|assayworks_prod_30	-0.05034241755155548	-0.039020609735010314	193.0	208.0	False	False	False																									
Figure6d	A_all_heldout	BF_Ridge100	0.05	Imipramine	assayworks_prod_26|assayworks_prod_27	0.00014523238591528792	0.02311276825719294	104.0	73.0	False	False	False																									
Figure6d	A_all_heldout	BF_Ridge100	0.05	Indocyanine green	assayworks_prod_26|assayworks_prod_27	0.12098989797675094	0.06185950147234237	31.0	44.0	False	False	False																									
Figure6d	A_all_heldout	BF_Ridge100	0.05	Irinotecan	assayworks_prod_25|assayworks_prod_27	0.09187431036886098	0.13157746494771275	40.0	22.0	False	False	False																									
Figure6d	A_all_heldout	BF_Ridge100	0.05	Isoeugenol	assayworks_prod_25|assayworks_prod_27	-0.03643609248641608	-0.012186837079621022	166.0	160.0	False	False	False																									
Figure6d	A_all_heldout	BF_Ridge100	0.05	Isoniazid	assayworks_prod_26|assayworks_prod_30	-0.04115664961653342	-0.006928376474300489	174.0	145.0	False	False	False																									
Figure6d	A_all_heldout	BF_Ridge100	0.05	Lansoprazole	assayworks_prod_26|assayworks_prod_30	0.08972480895834559	0.05099404676222883	41.0	49.0	False	False	False																									
Figure6d	A_all_heldout	BF_Ridge100	0.05	Lercanidipine	assayworks_prod_25|assayworks_prod_26	-0.0312711069009442	0.05944831994101864	157.0	45.0	False	False	False																									
Figure6d	A_all_heldout	BF_Ridge100	0.05	Levomepromazine	assayworks_prod_25|assayworks_prod_27	0.05079937315937402	0.07472193491416021	61.0	36.0	False	False	False																									
Figure6d	A_all_heldout	BF_Ridge100	0.05	Linalool	assayworks_prod_26|assayworks_prod_30	-0.05788389523176178	-0.05130804236678988	198.0	215.0	False	False	False																									
Figure6d	A_all_heldout	BF_Ridge100	0.05	Lomustine	assayworks_prod_26|assayworks_prod_30	-0.003369215902858873	-0.003960747158965296	113.0	135.0	False	False	False																									
Figure6d	A_all_heldout	BF_Ridge100	0.05	Lonafarnib	assayworks_prod_26|assayworks_prod_30	0.19875402675698634	0.10029651697725181	14.0	29.0	False	False	False																									
Figure6d	A_all_heldout	BF_Ridge100	0.05	Loratadine	assayworks_prod_25|assayworks_prod_27	0.09402510113474252	0.022224643237900223	38.0	76.0	False	False	False																									
Figure6d	A_all_heldout	BF_Ridge100	0.05	Lusutrombopag	assayworks_prod_25|assayworks_prod_26	0.07656417187789215	0.08616648005517547	46.0	34.0	False	False	False																									
Figure6d	A_all_heldout	BF_Ridge100	0.05	Menaquinone-4	assayworks_prod_26|assayworks_prod_30	0.13020504125650378	0.001289311448765893	29.0	121.0	False	False	False																									
Figure6d	A_all_heldout	BF_Ridge100	0.05	Mequitazine	assayworks_prod_25|assayworks_prod_26	0.13960687566103175	0.14522149056042127	24.0	17.0	False	False	False																									
Figure6d	A_all_heldout	BF_Ridge100	0.05	Metamizole (sodium)	assayworks_prod_25|assayworks_prod_27	-0.045895647689484155	0.010519154346504501	182.0	101.0	False	False	False																									
Figure6d	A_all_heldout	BF_Ridge100	0.05	Metaxalone	assayworks_prod_26|assayworks_prod_30	0.02915481475276361	-0.0015619848565958578	74.0	132.0	False	False	False																									
Figure6d	A_all_heldout	BF_Ridge100	0.05	Metformin	assayworks_prod_25|assayworks_prod_26	-0.005171480062215197	0.01385583311899236	118.0	89.0	False	False	False																									
Figure6d	A_all_heldout	BF_Ridge100	0.05	Methoxsalen	assayworks_prod_25|assayworks_prod_27	-0.02825455702301382	0.0027977956186457714	152.0	117.0	False	False	False																									
Figure6d	A_all_heldout	BF_Ridge100	0.05	Methyl carbamate	assayworks_prod_26|assayworks_prod_27	-0.005841517847949146	-0.011343678309617106	120.0	155.0	False	False	False																									
Figure6d	A_all_heldout	BF_Ridge100	0.05	Metoclopramide	assayworks_prod_26|assayworks_prod_27	-0.02957854006925352	-0.021872601338849197	154.0	184.0	False	False	False																									
Figure6d	A_all_heldout	BF_Ridge100	0.05	Monocrotaline	assayworks_prod_25|assayworks_prod_27	-0.046346511907767556	-0.0048745960732489695	184.0	139.0	False	False	False																									
Figure6d	A_all_heldout	BF_Ridge100	0.05	Moxonidine	assayworks_prod_25|assayworks_prod_26	-0.02206720352388808	-0.010121570137518007	137.0	153.0	False	False	False																									
Figure6d	A_all_heldout	BF_Ridge100	0.05	N,N-Dicyclohexylcarbodiimide(DCC)	assayworks_prod_26|assayworks_prod_27	0.05075518734267227	0.07416136896618168	62.0	37.0	False	False	False																									
Figure6d	A_all_heldout	BF_Ridge100	0.05	N-(4-fluorophenyl)-N-isopropyl-2-((5-(trifluoromethyl)-1,3,4-thiadiazol-2-yl)oxy)acetamide	assayworks_prod_26|assayworks_prod_27	-0.030932697292039325	-0.004518512514889145	156.0	138.0	False	False	False																									
Figure6d	A_all_heldout	BF_Ridge100	0.05	N-Nitrosodiethylamine	assayworks_prod_26|assayworks_prod_30	0.007667105617946486	-0.04055907434475367	96.0	210.0	False	False	False																									
Figure6d	A_all_heldout	BF_Ridge100	0.05	Niacin	assayworks_prod_25|assayworks_prod_27	0.0013586801031361465	-0.0006467792737130142	102.0	128.0	False	False	False																									
Figure6d	A_all_heldout	BF_Ridge100	0.05	Niflumic acid	assayworks_prod_25|assayworks_prod_27	-0.06620779174609458	-0.02877108735584057	206.0	196.0	False	False	False																									
Figure6d	A_all_heldout	BF_Ridge100	0.05	Nisoldipine	assayworks_prod_26|assayworks_prod_27	-0.004154926246922923	0.027504358686543502	115.0	67.0	False	False	False																									
Figure6d	A_all_heldout	BF_Ridge100	0.05	Nitrofurazone	assayworks_prod_26|assayworks_prod_30	0.23103877247405658	0.2197870527359245	11.0	8.0	True	True	True																									
Figure6d	A_all_heldout	BF_Ridge100	0.05	Norepinephrine	assayworks_prod_26|assayworks_prod_27	-0.04271234064430427	-0.01163289852160487	176.0	156.0	False	False	False																									
Figure6d	A_all_heldout	BF_Ridge100	0.05	Norethindrone	assayworks_prod_26|assayworks_prod_30	-0.03608599302453406	-0.014213239198383113	164.0	163.0	False	False	False																									
Figure6d	A_all_heldout	BF_Ridge100	0.05	Olmesartan	assayworks_prod_25|assayworks_prod_26	0.04297967028358711	0.013470058048606293	67.0	94.0	False	False	False																									
Figure6d	A_all_heldout	BF_Ridge100	0.05	Omeprazole	assayworks_prod_25|assayworks_prod_27	0.0422985444682232	0.013742292912286997	68.0	92.0	False	False	False																									
Figure6d	A_all_heldout	BF_Ridge100	0.05	Oseltamivir	assayworks_prod_25|assayworks_prod_27	0.04486266475008882	0.041481462228051894	66.0	56.0	False	False	False																									
Figure6d	A_all_heldout	BF_Ridge100	0.05	Osilodrostat	assayworks_prod_25|assayworks_prod_27	-0.018171128263508057	-0.0245227947534562	134.0	193.0	False	False	False																									
Figure6d	A_all_heldout	BF_Ridge100	0.05	Oxadiazon	assayworks_prod_25|assayworks_prod_27	0.017897296588921918	-0.0039693354230302715	83.0	136.0	False	False	False																									
Figure6d	A_all_heldout	BF_Ridge100	0.05	Oxyfluorfen	assayworks_prod_25|assayworks_prod_27	0.05241870091877123	0.01880807104228964	60.0	79.0	False	False	False																									
Figure6d	A_all_heldout	BF_Ridge100	0.05	Ozagrel	assayworks_prod_25|assayworks_prod_27	-0.0031435568479524015	0.023813702522213237	112.0	72.0	False	False	False																									
Figure6d	A_all_heldout	BF_Ridge100	0.05	Pentagastrin	assayworks_prod_26|assayworks_prod_30	0.010281849625533919	-0.00629896291604606	92.0	143.0	False	False	False																									
Figure6d	A_all_heldout	BF_Ridge100	0.05	Perindopril	assayworks_prod_26|assayworks_prod_30	-0.02630209814811097	-0.018851704772378953	146.0	176.0	False	False	False																									
Figure6d	A_all_heldout	BF_Ridge100	0.05	Phenothiazine	assayworks_prod_25|assayworks_prod_27	-0.019598916604898965	-0.004464051851186593	135.0	137.0	False	False	False																									
Figure6d	A_all_heldout	BF_Ridge100	0.05	Phenothrin	assayworks_prod_25|assayworks_prod_27	-0.0527203822697418	-0.030467578489148255	194.0	199.0	False	False	False																									
Figure6d	A_all_heldout	BF_Ridge100	0.05	Phentolamine	assayworks_prod_25|assayworks_prod_27	0.054119724942290275	0.025824778894001945	58.0	68.0	False	False	False																									
Figure6d	A_all_heldout	BF_Ridge100	0.05	Phenylephrine	assayworks_prod_25|assayworks_prod_27	-0.00830311371364454	0.001268730767271728	122.0	122.0	False	False	False																									
Figure6d	A_all_heldout	BF_Ridge100	0.05	Pindolol	assayworks_prod_25|assayworks_prod_27	-0.05838319324496863	-0.011850775662263951	199.0	159.0	False	False	False																									
Figure6d	A_all_heldout	BF_Ridge100	0.05	Pirinixic acid	assayworks_prod_25|assayworks_prod_27	-0.021574962668228823	0.016151774889042216	136.0	85.0	False	False	False																									
Figure6d	A_all_heldout	BF_Ridge100	0.05	Pralsetinib	assayworks_prod_26|assayworks_prod_30	0.236852008268993	0.1989137168381389	10.0	10.0	True	True	True																									
Figure6d	A_all_heldout	BF_Ridge100	0.05	Prednisolone	assayworks_prod_26|assayworks_prod_30	0.07617616688535699	0.013770685694503248	47.0	90.0	False	False	False																									
Figure6d	A_all_heldout	BF_Ridge100	0.05	Probenecid	assayworks_prod_25|assayworks_prod_27	-0.03353540561553358	0.0008221861412751564	160.0	124.0	False	False	False																									
Figure6d	A_all_heldout	BF_Ridge100	0.05	Probucol	assayworks_prod_26|assayworks_prod_30	-0.05750158394052497	-0.022378153943842155	197.0	186.0	False	False	False																									
Figure6d	A_all_heldout	BF_Ridge100	0.05	Prochloraz	assayworks_prod_25|assayworks_prod_27	-0.023753105730250232	0.03336748121229577	140.0	62.0	False	False	False																									
Figure6d	A_all_heldout	BF_Ridge100	0.05	Proguanil	assayworks_prod_26|assayworks_prod_30	0.19794713554606924	0.1751399064136804	15.0	13.0	False	False	False																									
Figure6d	A_all_heldout	BF_Ridge100	0.05	Quinoxyfen	assayworks_prod_26|assayworks_prod_30	0.05974360998126045	0.005696554459997645	55.0	113.0	False	False	False																									
Figure6d	A_all_heldout	BF_Ridge100	0.05	Ramelteon	assayworks_prod_26|assayworks_prod_30	-0.047974769053035875	-0.0074835162673672585	187.0	147.0	False	False	False																									
Figure6d	A_all_heldout	BF_Ridge100	0.05	Relugolix	assayworks_prod_25|assayworks_prod_27	-0.009138331681058015	0.015303484637404215	123.0	86.0	False	False	False																									
Figure6d	A_all_heldout	BF_Ridge100	0.05	Rifaximin	assayworks_prod_25|assayworks_prod_27	0.07493545201377595	-0.008724959399832248	48.0	149.0	False	False	False																									
Figure6d	A_all_heldout	BF_Ridge100	0.05	Rilpivirine	assayworks_prod_25|assayworks_prod_27	0.13450733035046986	0.09548903357217152	26.0	30.0	False	False	False																									
Figure6d	A_all_heldout	BF_Ridge100	0.05	Risdiplam	assayworks_prod_26|assayworks_prod_30	-0.0692489288639331	0.008232775982234647	209.0	105.0	False	False	False																									
Figure6d	A_all_heldout	BF_Ridge100	0.05	Risperidone	assayworks_prod_25|assayworks_prod_27	0.26049369269226125	0.08170978813593706	5.0	35.0	True	False	False																									
Figure6d	A_all_heldout	BF_Ridge100	0.05	Roxatidine	assayworks_prod_25|assayworks_prod_26	0.018766862866671216	0.022381310868613207	81.0	74.0	False	False	False																									
Figure6d	A_all_heldout	BF_Ridge100	0.05	Selinexor	assayworks_prod_25|assayworks_prod_27	0.35214057537740556	0.19188795734322261	4.0	11.0	True	True	True																									
Figure6d	A_all_heldout	BF_Ridge100	0.05	Sildenafil	assayworks_prod_25|assayworks_prod_26	0.047445563194544446	-0.013528627111309147	65.0	161.0	False	False	False																									
Figure6d	A_all_heldout	BF_Ridge100	0.05	Simethicone	assayworks_prod_26|assayworks_prod_27	-0.04612001736202963	-0.03227575622519448	183.0	202.0	False	False	False																									
Figure6d	A_all_heldout	BF_Ridge100	0.05	Siponimod	assayworks_prod_25|assayworks_prod_27	0.06509580792508265	0.08844373990144974	52.0	32.0	False	False	False																									
Figure6d	A_all_heldout	BF_Ridge100	0.05	Sodium 2-((hydroxymethyl)amino)acetate	assayworks_prod_26|assayworks_prod_30	-0.04386645531200843	-0.060078341405601754	177.0	217.0	False	False	False																									
Figure6d	A_all_heldout	BF_Ridge100	0.05	Sonidegib	assayworks_prod_25|assayworks_prod_27	0.08283000768742702	0.06769676232884944	45.0	42.0	False	False	False																									
Figure6d	A_all_heldout	BF_Ridge100	0.05	Spiroxamine	assayworks_prod_26|assayworks_prod_27	7.39560826965302e-05	0.04865431181811016	105.0	52.0	False	False	False																									
Figure6d	A_all_heldout	BF_Ridge100	0.05	Succimer	assayworks_prod_26|assayworks_prod_30	-0.03894890437199584	-0.030960427754044274	169.0	200.0	False	False	False																									
Figure6d	A_all_heldout	BF_Ridge100	0.05	Succinic anhydride	assayworks_prod_26|assayworks_prod_27	-0.04155148525276907	-0.021028997966818293	175.0	180.0	False	False	False																									
Figure6d	A_all_heldout	BF_Ridge100	0.05	Sulfamethizole	assayworks_prod_26|assayworks_prod_30	-0.01727091067511101	-0.021955496111487213	133.0	185.0	False	False	False																									
Figure6d	A_all_heldout	BF_Ridge100	0.05	Tacrine	assayworks_prod_26|assayworks_prod_30	0.004421297811727606	0.04375848134136945	98.0	53.0	False	False	False																									
Figure6d	A_all_heldout	BF_Ridge100	0.05	Tebuconazole	assayworks_prod_25|assayworks_prod_27	0.013201519468988204	0.07309702847653292	88.0	38.0	False	False	False																									
Figure6d	A_all_heldout	BF_Ridge100	0.05	Tegaserod	assayworks_prod_25|assayworks_prod_27	0.24606621305734946	0.23254608043877956	9.0	5.0	True	True	True																									
Figure6d	A_all_heldout	BF_Ridge100	0.05	Telotristat ethyl	assayworks_prod_25|assayworks_prod_27	0.07146338087277139	0.12288350420079754	50.0	25.0	False	False	False																									
Figure6d	A_all_heldout	BF_Ridge100	0.05	Temafloxacin	assayworks_prod_26|assayworks_prod_27	-0.026581607192106844	-0.017998726903993817	147.0	171.0	False	False	False																									
Figure6d	A_all_heldout	BF_Ridge100	0.05	Teniposide	assayworks_prod_25|assayworks_prod_27	0.13151622701274313	0.07186605534115079	28.0	39.0	False	False	False																									
Figure6d	A_all_heldout	BF_Ridge100	0.05	Tetraconazole	assayworks_prod_26|assayworks_prod_30	-0.035597513902230524	0.013746176157518507	163.0	91.0	False	False	False																									
Figure6d	A_all_heldout	BF_Ridge100	0.05	Tetracycline	assayworks_prod_26|assayworks_prod_27	0.00039797743269501945	0.006387383937609851	103.0	109.0	False	False	False																									
Figure6d	A_all_heldout	BF_Ridge100	0.05	Theophylline	assayworks_prod_26|assayworks_prod_30	-0.03226670998054137	-0.03372521091581483	159.0	204.0	False	False	False																									
Figure6d	A_all_heldout	BF_Ridge100	0.05	Tivozanib	assayworks_prod_25|assayworks_prod_27	0.19725550091622965	0.13412260588407954	16.0	20.0	False	False	False																									
Figure6d	A_all_heldout	BF_Ridge100	0.05	Tizanidine	assayworks_prod_25|assayworks_prod_27	0.01650987581714341	0.03413777555250694	85.0	61.0	False	False	False																									
Figure6d	A_all_heldout	BF_Ridge100	0.05	Tocainide	assayworks_prod_26|assayworks_prod_30	-0.08064901342858438	-0.016246759712796904	212.0	168.0	False	False	False																									
Figure6d	A_all_heldout	BF_Ridge100	0.05	Tofacitinib	assayworks_prod_26|assayworks_prod_30	-0.05740743465181709	-0.023660552966597068	196.0	189.0	False	False	False																									
Figure6d	A_all_heldout	BF_Ridge100	0.05	Tolmetin	assayworks_prod_25|assayworks_prod_27	-0.0456144205038098	0.011655804506286196	181.0	98.0	False	False	False																									
Figure6d	A_all_heldout	BF_Ridge100	0.05	Trabectedin	assayworks_prod_26|assayworks_prod_27	0.8994912047443602	0.8919063245126488	1.0	1.0	True	True	True																									
Figure6d	A_all_heldout	BF_Ridge100	0.05	Triclopyr	assayworks_prod_26|assayworks_prod_27	-0.017097681355865077	0.017982886008470637	131.0	82.0	False	False	False																									
Figure6d	A_all_heldout	BF_Ridge100	0.05	Trimetazidine	assayworks_prod_25|assayworks_prod_27	0.008986461421717773	0.0007857105984090118	95.0	125.0	False	False	False																									
Figure6d	A_all_heldout	BF_Ridge100	0.05	Trimethoprim	assayworks_prod_26|assayworks_prod_30	0.012152589830583434	0.013128617996299632	89.0	95.0	False	False	False																									
Figure6d	A_all_heldout	BF_Ridge100	0.05	Troxipide	assayworks_prod_25|assayworks_prod_27	0.039725843439067626	-0.014590482529667624	69.0	165.0	False	False	False																									
Figure6d	A_all_heldout	BF_Ridge100	0.05	Tucatinib	assayworks_prod_26|assayworks_prod_30	0.02002262359188088	0.011684842433492862	78.0	97.0	False	False	False																									
Figure6d	A_all_heldout	BF_Ridge100	0.05	Venlafaxine	assayworks_prod_25|assayworks_prod_27	-0.0007988659368044909	-0.005557429475467423	109.0	142.0	False	False	False																									
Figure6d	A_all_heldout	BF_Ridge100	0.05	Vibegron	assayworks_prod_26|assayworks_prod_27	-0.025379182689863673	0.013608181084444292	143.0	93.0	False	False	False																									
Figure6d	A_all_heldout	BF_Ridge100	0.05	Voglibose	assayworks_prod_25|assayworks_prod_27	-0.03969613127950308	0.006132949120788386	172.0	110.0	False	False	False																									
Figure6d	A_all_heldout	BF_Ridge100	0.05	Vorapaxar	assayworks_prod_26|assayworks_prod_30	0.05367110777592315	0.0057604324338825005	59.0	112.0	False	False	False																									
Figure6d	A_all_heldout	BF_Ridge100	0.05	Vortioxetine	assayworks_prod_25|assayworks_prod_27	0.2151392012314898	0.21880935809235885	12.0	9.0	False	True	False																									
Figure6d	A_all_heldout	BF_Ridge100	0.05	Zafirlukast	assayworks_prod_25|assayworks_prod_27	-0.11902078214114989	-0.02105121561191786	216.0	181.0	False	False	False																									
Figure6d	A_all_heldout	BF_Ridge100	0.05	Zileuton	assayworks_prod_26|assayworks_prod_30	0.01691576463264833	0.01684947249321695	84.0	84.0	False	False	False																									
Figure6d	A_all_heldout	BF_Ridge100	0.05	β-Naphthoflavone	assayworks_prod_25|assayworks_prod_27	-0.03912274204734442	0.028705390622706568	171.0	65.0	False	False	False																									
Figure6e	A_all_heldout	BF_Ridge100	0.05										217.0	11.0	10.0	0.9090909090909091	0.5454545454545454	1.0	0.5576036866359447	0.05069124423963134	17.93388429752066	0.0	2.0	2.3304744126040963e-15	0.7767971645598163	0.9101738181890027	0.3335543918143897	0.2151392012314898	0.8994912047443602	0.3376775274017325	2000.0	use_specific_retention_not_substitution_certificate					
Figure6e	A_all_heldout	BF_HGB100	0.05										217.0	11.0	10.0	0.9090909090909091	0.45454545454545453	1.0	0.5576036866359447	0.05069124423963134	17.93388429752066	0.0	2.0	2.3304744126040963e-15	0.7782780666770013	0.9087237610696632	0.3335543918143897	0.2151392012314898	0.8994912047443602	0.3376775274017325	2000.0	use_specific_retention_not_substitution_certificate					
Figure6e	A_all_heldout	FluorescenceCount_Ridge100	0.05										217.0	11.0	8.0	0.7272727272727273	0.36363636363636365	0.9090909090909091	0.5576036866359447	0.05069124423963134	14.347107438016529	0.0	2.0	2.447397942721971e-10	0.5503249970420354	0.8326358807840557	0.309711300431136	0.07146338087277139	0.8994912047443602	0.3376775274017325	2000.0	use_specific_retention_not_substitution_certificate					
Figure6e	A_all_heldout	FluorescenceCount_HGB100	0.05										217.0	11.0	7.0	0.6363636363636364	0.36363636363636365	0.9090909090909091	0.5576036866359447	0.05069124423963134	12.553719008264462	0.0	2.0	2.4964417479135266e-08	0.5691620043499298	0.8486741651054783	0.28862495080639067	0.07146338087277139	0.8994912047443602	0.3376775274017325	2000.0	use_specific_retention_not_substitution_certificate					
Figure6e	A_all_heldout	AcquisitionMetadata_Ridge100	0.05										217.0	11.0	0.0	0.0	0.0	0.09090909090909091	0.5576036866359447	0.05069124423963134	0.0	0.0	2.0	1.0	0.07911141175420548	-0.008390014463460604	0.01553084746945519	-0.0527203822697418	0.13151622701274313	0.3376775274017325	2000.0	use_specific_retention_not_substitution_certificate					
Figure6e	A_all_heldout	AcquisitionMetadata_HGB100	0.05										217.0	11.0	1.0	0.09090909090909091	0.0	0.2727272727272727	0.5576036866359447	0.05069124423963134	1.7933884297520661	0.0	2.0	0.4435804581866124	0.4604783513484313	0.1717406574281616	0.08339578057630102	-0.0005665227392877073	0.24645379319807276	0.3376775274017325	2000.0	use_specific_retention_not_substitution_certificate					
SupplementaryFigure4c	C_source0_to_source1	BF_Ridge100	0.05										94.0	5.0	4.0	0.8	0.4	1.0	0.26595744680851063	0.05319148936170213	15.040000000000001	0.0	1.0	8.12519090099586e-06	0.4892750063215692	0.9029887411968895	0.3774120463922188	0.1663393990771062	0.893143200447135	0.38325900203089464	2000.0	use_specific_retention_not_substitution_certificate	0.8	4.0	0.0	-0.6	0.4
SupplementaryFigure4c	C_source1_to_source0	BF_Ridge100	0.05										94.0	5.0	4.0	0.8	0.4	1.0	0.26595744680851063	0.05319148936170213	15.040000000000001	0.0	1.0	8.12519090099586e-06	0.4638008886320124	0.9016691342678033	0.3846930561226158	0.20032009382165322	0.9058392090415852	0.38589761677177864	2000.0	use_specific_retention_not_substitution_certificate	0.8	4.0	0.0	-0.4	0.20000000000000007
SupplementaryFigure4d	A_all_heldout	BF_Ridge100	0.05										217.0	11.0	10.0	0.9090909090909091	0.5454545454545454	1.0	0.5576036866359447	0.05069124423963134	17.93388429752066	0.0	2.0	2.3304744126040963e-15	0.7767971645598163	0.9101738181890027	0.3335543918143897	0.2151392012314898	0.8994912047443602	0.3376775274017325	2000.0	use_specific_retention_not_substitution_certificate					
SupplementaryFigure4d	A_all_heldout	BF_Ridge100	0.1										217.0	22.0	17.0	0.7727272727272727	0.5909090909090909	0.9090909090909091	2.230414746543779	0.10138248847926268	7.62190082644628	0.0	5.0	7.929807657296907e-17	0.7767971645598163	0.9101738181890027	0.23836612628376522	0.03011744299336621	0.8994912047443602	0.2622749796123409	2000.0	use_specific_retention_not_substitution_certificate					
SupplementaryFigure4d	A_all_heldout	BF_Ridge100	0.2										217.0	44.0	34.0	0.7727272727272727	0.6590909090909091	0.8636363636363636	8.921658986175116	0.20276497695852536	3.81095041322314	4.0	14.0	5.787430142823016e-22	0.7767971645598163	0.9101738181890027	0.17711133588052064	0.013201519468988204	0.8994912047443602	0.18749597607280488	2000.0	use_specific_retention_not_substitution_certificate					
SupplementaryFigure4d	B_complete_paired	BF_Ridge100	0.05										94.0	5.0	4.0	0.8	0.4	1.0	0.26595744680851063	0.05319148936170213	15.040000000000001	0.0	1.0	8.12519090099586e-06	0.7817144095654371	0.9546167431971696	0.3776961484004447	0.1665477321645164	0.8994912047443602	0.38413740731893864	2000.0	use_specific_retention_not_substitution_certificate					
SupplementaryFigure4d	B_complete_paired	BF_Ridge100	0.1										94.0	10.0	9.0	0.9	0.6	1.0	1.0638297872340425	0.10638297872340426	8.46	0.0	3.0	9.301804104295157e-11	0.7817144095654371	0.9546167431971696	0.2732785871958502	0.12019072950520703	0.8994912047443602	0.2746519062172898	2000.0	use_specific_retention_not_substitution_certificate					
SupplementaryFigure4d	B_complete_paired	BF_Ridge100	0.2										94.0	19.0	15.0	0.7894736842105263	0.5263157894736842	0.8947368421052632	3.8404255319148937	0.20212765957446807	3.905817174515236	1.0	7.0	1.325821435102264e-10	0.7817144095654371	0.9546167431971696	0.1744937367686589	7.39560826965302e-05	0.8994912047443602	0.18974237553822376	2000.0	use_specific_retention_not_substitution_certificate					
SupplementaryFigure4d	C_source0_to_source1	BF_Ridge100	0.05										94.0	5.0	4.0	0.8	0.4	1.0	0.26595744680851063	0.05319148936170213	15.040000000000001	0.0	1.0	8.12519090099586e-06	0.4892750063215692	0.9029887411968895	0.3774120463922188	0.1663393990771062	0.893143200447135	0.38325900203089464	2000.0	use_specific_retention_not_substitution_certificate	0.8	4.0	0.0	-0.6	0.4
SupplementaryFigure4d	C_source0_to_source1	BF_Ridge100	0.1										94.0	10.0	8.0	0.8	0.5	1.0	1.0638297872340425	0.10638297872340426	7.5200000000000005	0.0	3.0	1.7443481891706223e-08	0.4892750063215692	0.9029887411968895	0.2592825428721076	0.045376997980950545	0.893143200447135	0.2787396907978489	2000.0	use_specific_retention_not_substitution_certificate	0.8	8.0	0.0	-0.30000000000000004	0.19999999999999996
SupplementaryFigure4d	C_source0_to_source1	BF_Ridge100	0.2										94.0	19.0	13.0	0.6842105263157895	0.47368421052631576	0.8421052631578947	3.8404255319148937	0.20212765957446807	3.3850415512465375	1.0	7.0	1.5733246065952235e-07	0.4892750063215692	0.9029887411968895	0.16316968304425492	-0.0521674889369287	0.893143200447135	0.19151234257757427	2000.0	use_specific_retention_not_substitution_certificate	0.7894736842105263	15.0	-0.10526315789473684	-0.368421052631579	0.0
SupplementaryFigure4d	C_source1_to_source0	BF_Ridge100	0.05										94.0	5.0	4.0	0.8	0.4	1.0	0.26595744680851063	0.05319148936170213	15.040000000000001	0.0	1.0	8.12519090099586e-06	0.4638008886320124	0.9016691342678033	0.3846930561226158	0.20032009382165322	0.9058392090415852	0.38589761677177864	2000.0	use_specific_retention_not_substitution_certificate	0.8	4.0	0.0	-0.4	0.20000000000000007
SupplementaryFigure4d	C_source1_to_source0	BF_Ridge100	0.1										94.0	10.0	8.0	0.8	0.6	1.0	1.0638297872340425	0.10638297872340426	7.5200000000000005	0.0	3.0	1.7443481891706223e-08	0.4638008886320124	0.9016691342678033	0.2726958156730372	0.13569026177182147	0.9058392090415852	0.27639729650033157	2000.0	use_specific_retention_not_substitution_certificate	0.8	8.0	0.0	-0.20000000000000007	0.20000000000000007
SupplementaryFigure4d	C_source1_to_source0	BF_Ridge100	0.2										94.0	19.0	15.0	0.7894736842105263	0.47368421052631576	0.9473684210526315	3.8404255319148937	0.20212765957446807	3.905817174515236	1.0	7.0	1.325821435102264e-10	0.4638008886320124	0.9016691342678033	0.17350425326162744	-0.022505087265069917	0.9058392090415852	0.1905551357476274	2000.0	use_specific_retention_not_substitution_certificate	0.7894736842105263	15.0	0.0	-0.368421052631579	0.10526315789473684
