reporter_slug,short_name,display_label,biological_category,destination_screen,display_screen,metric,metric_label,value,reporter_order,status
lysosome_lysotracker_live-cell_dye,LysoTracker live-cell dye,LysoTracker,Lysosome,Biohub_OPS0044,OPS0044,consensus10_strict_gene_pearson,Recovery across screens,0.9115333991746108,1,stable_above
lysosome_lysotracker_live-cell_dye,LysoTracker live-cell dye,LysoTracker,Lysosome,Biohub_OPS0055,OPS0055,consensus10_strict_gene_pearson,Recovery across screens,0.9290434022744496,1,stable_above
lysosome_lysotracker_live-cell_dye,LysoTracker live-cell dye,LysoTracker,Lysosome,Biohub_OPS0056,OPS0056,consensus10_strict_gene_pearson,Recovery across screens,0.9215849488973618,1,stable_above
lysosome_lysotracker_live-cell_dye,LysoTracker live-cell dye,LysoTracker,Lysosome,Biohub_OPS0044,OPS0044,consensus10_strict_magnitude_spearman,Rank across screens,0.9663740523740524,1,stable_above
lysosome_lysotracker_live-cell_dye,LysoTracker live-cell dye,LysoTracker,Lysosome,Biohub_OPS0055,OPS0055,consensus10_strict_magnitude_spearman,Rank across screens,0.9908793428793428,1,stable_above
lysosome_lysotracker_live-cell_dye,LysoTracker live-cell dye,LysoTracker,Lysosome,Biohub_OPS0056,OPS0056,consensus10_strict_magnitude_spearman,Rank across screens,0.965000177000177,1,stable_above
lipid_droplet_bodipy_live_cell_dye,BODIPY live cell dye,BODIPY,Lysosome,Biohub_OPS0034,OPS0034,consensus10_strict_gene_pearson,Recovery across screens,0.9110287303725878,2,stable_above
lipid_droplet_bodipy_live_cell_dye,BODIPY live cell dye,BODIPY,Lysosome,Biohub_OPS0066,OPS0066,consensus10_strict_gene_pearson,Recovery across screens,0.9145932340373596,2,stable_above
lipid_droplet_bodipy_live_cell_dye,BODIPY live cell dye,BODIPY,Lysosome,Biohub_OPS0034,OPS0034,consensus10_strict_magnitude_spearman,Rank across screens,0.9170199170199168,2,stable_above
lipid_droplet_bodipy_live_cell_dye,BODIPY live cell dye,BODIPY,Lysosome,Biohub_OPS0066,OPS0066,consensus10_strict_magnitude_spearman,Rank across screens,0.946076488076488,2,stable_above
clathrin_vesicles_clta,CLTA,CLTA,Lysosome,Biohub_OPS0018,OPS0018,consensus10_strict_gene_pearson,Recovery across screens,0.8925102185457945,3,stable_above
clathrin_vesicles_clta,CLTA,CLTA,Lysosome,Biohub_OPS0019,OPS0019,consensus10_strict_gene_pearson,Recovery across screens,0.9189244968195756,3,stable_above
clathrin_vesicles_clta,CLTA,CLTA,Lysosome,Biohub_OPS0018,OPS0018,consensus10_strict_magnitude_spearman,Rank across screens,0.8913070533070533,3,stable_above
clathrin_vesicles_clta,CLTA,CLTA,Lysosome,Biohub_OPS0019,OPS0019,consensus10_strict_magnitude_spearman,Rank across screens,0.9524707424707424,3,stable_above
plasma_membrane_slc3a2,SLC3A2,SLC3A2,Plasma Membrane,Biohub_OPS0003,OPS0003,consensus10_strict_gene_pearson,Recovery across screens,0.9074940557281176,4,stable_above
plasma_membrane_slc3a2,SLC3A2,SLC3A2,Plasma Membrane,Biohub_OPS0004,OPS0004,consensus10_strict_gene_pearson,Recovery across screens,0.9240375831723214,4,stable_above
plasma_membrane_slc3a2,SLC3A2,SLC3A2,Plasma Membrane,Biohub_OPS0003,OPS0003,consensus10_strict_magnitude_spearman,Rank across screens,0.9012230652230652,4,stable_above
plasma_membrane_slc3a2,SLC3A2,SLC3A2,Plasma Membrane,Biohub_OPS0004,OPS0004,consensus10_strict_magnitude_spearman,Rank across screens,0.9152338292338292,4,stable_above
late_endosome_rab7a,RAB7A,RAB7A,Endosome,Biohub_OPS0014,OPS0014,consensus10_strict_gene_pearson,Recovery across screens,0.8916496870418389,5,stable_above
late_endosome_rab7a,RAB7A,RAB7A,Endosome,Biohub_OPS0026,OPS0026,consensus10_strict_gene_pearson,Recovery across screens,0.9015414888660114,5,stable_above
late_endosome_rab7a,RAB7A,RAB7A,Endosome,Biohub_OPS0014,OPS0014,consensus10_strict_magnitude_spearman,Rank across screens,0.8747760287760288,5,stable_above
late_endosome_rab7a,RAB7A,RAB7A,Endosome,Biohub_OPS0026,OPS0026,consensus10_strict_magnitude_spearman,Rank across screens,0.920893700893701,5,stable_above
actin_filament_fastact_spy555_live_cell_dye,FastAct_SPY555 Live Cell Dye,FastAct-SPY555,Cytoskeleton,Biohub_OPS0033,OPS0033,consensus10_strict_gene_pearson,Recovery across screens,0.9132349422822396,6,stable_above
actin_filament_fastact_spy555_live_cell_dye,FastAct_SPY555 Live Cell Dye,FastAct-SPY555,Cytoskeleton,Biohub_OPS0065,OPS0065,consensus10_strict_gene_pearson,Recovery across screens,0.8891118677953879,6,stable_above
actin_filament_fastact_spy555_live_cell_dye,FastAct_SPY555 Live Cell Dye,FastAct-SPY555,Cytoskeleton,Biohub_OPS0072,OPS0072,consensus10_strict_gene_pearson,Recovery across screens,0.9082053881138562,6,stable_above
actin_filament_fastact_spy555_live_cell_dye,FastAct_SPY555 Live Cell Dye,FastAct-SPY555,Cytoskeleton,Biohub_OPS0074,OPS0074,consensus10_strict_gene_pearson,Recovery across screens,0.8992468838890393,6,stable_above
actin_filament_fastact_spy555_live_cell_dye,FastAct_SPY555 Live Cell Dye,FastAct-SPY555,Cytoskeleton,Biohub_OPS0076,OPS0076,consensus10_strict_gene_pearson,Recovery across screens,0.8513300462315481,6,stable_above
actin_filament_fastact_spy555_live_cell_dye,FastAct_SPY555 Live Cell Dye,FastAct-SPY555,Cytoskeleton,Biohub_OPS0033,OPS0033,consensus10_strict_magnitude_spearman,Rank across screens,0.893100893100893,6,stable_above
actin_filament_fastact_spy555_live_cell_dye,FastAct_SPY555 Live Cell Dye,FastAct-SPY555,Cytoskeleton,Biohub_OPS0065,OPS0065,consensus10_strict_magnitude_spearman,Rank across screens,0.8883733863733864,6,stable_above
actin_filament_fastact_spy555_live_cell_dye,FastAct_SPY555 Live Cell Dye,FastAct-SPY555,Cytoskeleton,Biohub_OPS0072,OPS0072,consensus10_strict_magnitude_spearman,Rank across screens,0.9236049236049236,6,stable_above
actin_filament_fastact_spy555_live_cell_dye,FastAct_SPY555 Live Cell Dye,FastAct-SPY555,Cytoskeleton,Biohub_OPS0074,OPS0074,consensus10_strict_magnitude_spearman,Rank across screens,0.9223590403590404,6,stable_above
actin_filament_fastact_spy555_live_cell_dye,FastAct_SPY555 Live Cell Dye,FastAct-SPY555,Cytoskeleton,Biohub_OPS0076,OPS0076,consensus10_strict_magnitude_spearman,Rank across screens,0.8666996606996606,6,stable_above
recycling_endosome_tfrc,TFRC,TFRC,Endosome,Biohub_OPS0027,OPS0027,consensus10_strict_gene_pearson,Recovery across screens,0.8283504365632932,7,stable_above
recycling_endosome_tfrc,TFRC,TFRC,Endosome,Biohub_OPS0060,OPS0060,consensus10_strict_gene_pearson,Recovery across screens,0.8744581596304973,7,stable_above
recycling_endosome_tfrc,TFRC,TFRC,Endosome,Biohub_OPS0027,OPS0027,consensus10_strict_magnitude_spearman,Rank across screens,0.9328050928050928,7,stable_above
recycling_endosome_tfrc,TFRC,TFRC,Endosome,Biohub_OPS0060,OPS0060,consensus10_strict_magnitude_spearman,Rank across screens,0.9048405948405948,7,stable_above
er_sec61b,SEC61B,SEC61B,ER/Golgi,Biohub_OPS0001,OPS0001,consensus10_strict_gene_pearson,Recovery across screens,0.937248277167479,8,stable_above
er_sec61b,SEC61B,SEC61B,ER/Golgi,Biohub_OPS0005,OPS0005,consensus10_strict_gene_pearson,Recovery across screens,0.8922984513143698,8,stable_above
er_sec61b,SEC61B,SEC61B,ER/Golgi,Biohub_OPS0006,OPS0006,consensus10_strict_gene_pearson,Recovery across screens,0.7998452552904686,8,stable_above
er_sec61b,SEC61B,SEC61B,ER/Golgi,Biohub_OPS0007,OPS0007,consensus10_strict_gene_pearson,Recovery across screens,0.7891836023579042,8,stable_above
er_sec61b,SEC61B,SEC61B,ER/Golgi,Biohub_OPS0008,OPS0008,consensus10_strict_gene_pearson,Recovery across screens,0.8765254722287257,8,stable_above
er_sec61b,SEC61B,SEC61B,ER/Golgi,Biohub_OPS0009,OPS0009,consensus10_strict_gene_pearson,Recovery across screens,0.8434317881862323,8,stable_above
er_sec61b,SEC61B,SEC61B,ER/Golgi,Biohub_OPS0001,OPS0001,consensus10_strict_magnitude_spearman,Rank across screens,0.8006075666075667,8,stable_above
er_sec61b,SEC61B,SEC61B,ER/Golgi,Biohub_OPS0005,OPS0005,consensus10_strict_magnitude_spearman,Rank across screens,0.8107889107889108,8,stable_above
er_sec61b,SEC61B,SEC61B,ER/Golgi,Biohub_OPS0006,OPS0006,consensus10_strict_magnitude_spearman,Rank across screens,0.7668521201526766,8,stable_above
er_sec61b,SEC61B,SEC61B,ER/Golgi,Biohub_OPS0007,OPS0007,consensus10_strict_magnitude_spearman,Rank across screens,0.7354520254520255,8,stable_above
er_sec61b,SEC61B,SEC61B,ER/Golgi,Biohub_OPS0008,OPS0008,consensus10_strict_magnitude_spearman,Rank across screens,0.8058521742697309,8,stable_above
er_sec61b,SEC61B,SEC61B,ER/Golgi,Biohub_OPS0009,OPS0009,consensus10_strict_magnitude_spearman,Rank across screens,0.7741667461667462,8,stable_above
er_golgi_bridge_vapa,VAPA,VAPA,ER/Golgi,Biohub_OPS0020,OPS0020,consensus10_strict_gene_pearson,Recovery across screens,0.8045435467114052,9,stable_above
er_golgi_bridge_vapa,VAPA,VAPA,ER/Golgi,Biohub_OPS0021,OPS0021,consensus10_strict_gene_pearson,Recovery across screens,0.8006095308810472,9,stable_above
er_golgi_bridge_vapa,VAPA,VAPA,ER/Golgi,Biohub_OPS0020,OPS0020,consensus10_strict_magnitude_spearman,Rank across screens,0.8813605013605014,9,stable_above
er_golgi_bridge_vapa,VAPA,VAPA,ER/Golgi,Biohub_OPS0021,OPS0021,consensus10_strict_magnitude_spearman,Rank across screens,0.7830850470850471,9,stable_above
mitochondria_chromalive_561_excitation,ChromaLIVE 561 excitation,ChromaLIVE 561,Mitochondria,Biohub_OPS0063,OPS0063,consensus10_strict_gene_pearson,Recovery across screens,0.7001154460012913,10,stable_above
mitochondria_chromalive_561_excitation,ChromaLIVE 561 excitation,ChromaLIVE 561,Mitochondria,Biohub_OPS0075,OPS0075,consensus10_strict_gene_pearson,Recovery across screens,0.7076871457199256,10,stable_above
mitochondria_chromalive_561_excitation,ChromaLIVE 561 excitation,ChromaLIVE 561,Mitochondria,Biohub_OPS0063,OPS0063,consensus10_strict_magnitude_spearman,Rank across screens,0.8614268147192823,10,stable_above
mitochondria_chromalive_561_excitation,ChromaLIVE 561 excitation,ChromaLIVE 561,Mitochondria,Biohub_OPS0075,OPS0075,consensus10_strict_magnitude_spearman,Rank across screens,0.8596380376380377,10,stable_above
lysosome_lamp1,LAMP1,LAMP1,Lysosome,Biohub_OPS0011,OPS0011,consensus10_strict_gene_pearson,Recovery across screens,0.7118165741364161,11,stable_above
lysosome_lamp1,LAMP1,LAMP1,Lysosome,Biohub_OPS0012,OPS0012,consensus10_strict_gene_pearson,Recovery across screens,0.7942256039629381,11,stable_above
lysosome_lamp1,LAMP1,LAMP1,Lysosome,Biohub_OPS0011,OPS0011,consensus10_strict_magnitude_spearman,Rank across screens,0.7314129474129474,11,stable_above
lysosome_lamp1,LAMP1,LAMP1,Lysosome,Biohub_OPS0012,OPS0012,consensus10_strict_magnitude_spearman,Rank across screens,0.7927170067170067,11,stable_above
5xupre,5xUPRE,5xUPRE,Stress/PQC,Biohub_OPS0001,OPS0001,consensus10_strict_gene_pearson,Recovery across screens,0.78638836145401,12,stable_above
5xupre,5xUPRE,5xUPRE,Stress/PQC,Biohub_OPS0005,OPS0005,consensus10_strict_gene_pearson,Recovery across screens,0.7781560339033604,12,stable_above
5xupre,5xUPRE,5xUPRE,Stress/PQC,Biohub_OPS0006,OPS0006,consensus10_strict_gene_pearson,Recovery across screens,0.7539705835282802,12,stable_above
5xupre,5xUPRE,5xUPRE,Stress/PQC,Biohub_OPS0007,OPS0007,consensus10_strict_gene_pearson,Recovery across screens,0.7097535341978074,12,stable_above
5xupre,5xUPRE,5xUPRE,Stress/PQC,Biohub_OPS0008,OPS0008,consensus10_strict_gene_pearson,Recovery across screens,0.7534272700548172,12,stable_above
5xupre,5xUPRE,5xUPRE,Stress/PQC,Biohub_OPS0009,OPS0009,consensus10_strict_gene_pearson,Recovery across screens,0.741415198147297,12,stable_above
5xupre,5xUPRE,5xUPRE,Stress/PQC,Biohub_OPS0001,OPS0001,consensus10_strict_magnitude_spearman,Rank across screens,0.7867109107109107,12,crosses_gate
5xupre,5xUPRE,5xUPRE,Stress/PQC,Biohub_OPS0005,OPS0005,consensus10_strict_magnitude_spearman,Rank across screens,0.744981288981289,12,crosses_gate
5xupre,5xUPRE,5xUPRE,Stress/PQC,Biohub_OPS0006,OPS0006,consensus10_strict_magnitude_spearman,Rank across screens,0.7093777873777873,12,crosses_gate
5xupre,5xUPRE,5xUPRE,Stress/PQC,Biohub_OPS0007,OPS0007,consensus10_strict_magnitude_spearman,Rank across screens,0.755059727059727,12,crosses_gate
5xupre,5xUPRE,5xUPRE,Stress/PQC,Biohub_OPS0008,OPS0008,consensus10_strict_magnitude_spearman,Rank across screens,0.733942963942964,12,crosses_gate
5xupre,5xUPRE,5xUPRE,Stress/PQC,Biohub_OPS0009,OPS0009,consensus10_strict_magnitude_spearman,Rank across screens,0.6746746826746827,12,crosses_gate
plasma_membrane_atp1b3,ATP1B3,ATP1B3,Plasma Membrane,Biohub_OPS0032,OPS0032,consensus10_strict_gene_pearson,Recovery across screens,0.7578725991770625,13,stable_above
plasma_membrane_atp1b3,ATP1B3,ATP1B3,Plasma Membrane,Biohub_OPS0071,OPS0071,consensus10_strict_gene_pearson,Recovery across screens,0.7461572575072447,13,stable_above
plasma_membrane_atp1b3,ATP1B3,ATP1B3,Plasma Membrane,Biohub_OPS0032,OPS0032,consensus10_strict_magnitude_spearman,Rank across screens,0.7548782628782629,13,stable_above
plasma_membrane_atp1b3,ATP1B3,ATP1B3,Plasma Membrane,Biohub_OPS0071,OPS0071,consensus10_strict_magnitude_spearman,Rank across screens,0.7063984123984124,13,stable_above
chromatin_h2bc21,H2BC21,H2BC21,Nucleus,Biohub_OPS0064,OPS0064,consensus10_strict_gene_pearson,Recovery across screens,0.6921494739751022,14,crosses_gate
chromatin_h2bc21,H2BC21,H2BC21,Nucleus,Biohub_OPS0069,OPS0069,consensus10_strict_gene_pearson,Recovery across screens,0.7489982694387436,14,crosses_gate
chromatin_h2bc21,H2BC21,H2BC21,Nucleus,Biohub_OPS0064,OPS0064,consensus10_strict_magnitude_spearman,Rank across screens,0.6804095184095185,14,crosses_gate
chromatin_h2bc21,H2BC21,H2BC21,Nucleus,Biohub_OPS0069,OPS0069,consensus10_strict_magnitude_spearman,Rank across screens,0.7223465303465304,14,crosses_gate
chaperones_hspa1b,HSPA1B,HSPA1B,Stress/PQC,Biohub_OPS0028,OPS0028,consensus10_strict_gene_pearson,Recovery across screens,0.8148920262853305,15,stable_above
chaperones_hspa1b,HSPA1B,HSPA1B,Stress/PQC,Biohub_OPS0072,OPS0072,consensus10_strict_gene_pearson,Recovery across screens,0.71668716147542,15,stable_above
chaperones_hspa1b,HSPA1B,HSPA1B,Stress/PQC,Biohub_OPS0028,OPS0028,consensus10_strict_magnitude_spearman,Rank across screens,0.6773219753219754,15,stable_below
chaperones_hspa1b,HSPA1B,HSPA1B,Stress/PQC,Biohub_OPS0072,OPS0072,consensus10_strict_magnitude_spearman,Rank across screens,0.5668151248151247,15,stable_below
autophagosome_atg101,ATG101,ATG101,Lysosome,Biohub_OPS0031,OPS0031,consensus10_strict_gene_pearson,Recovery across screens,0.7229415097584326,16,crosses_gate
autophagosome_atg101,ATG101,ATG101,Lysosome,Biohub_OPS0054,OPS0054,consensus10_strict_gene_pearson,Recovery across screens,0.690906960517168,16,crosses_gate
autophagosome_atg101,ATG101,ATG101,Lysosome,Biohub_OPS0031,OPS0031,consensus10_strict_magnitude_spearman,Rank across screens,0.6678108318108318,16,stable_below
autophagosome_atg101,ATG101,ATG101,Lysosome,Biohub_OPS0054,OPS0054,consensus10_strict_magnitude_spearman,Rank across screens,0.6564811764811764,16,stable_below
peroxisome_peroxi_spy650_live_cell_dye,Peroxi_SPY650 live cell dye,Peroxi-SPY650,Peroxisome,Biohub_OPS0045,OPS0045,consensus10_strict_gene_pearson,Recovery across screens,0.6147565112138788,17,stable_below
peroxisome_peroxi_spy650_live_cell_dye,Peroxi_SPY650 live cell dye,Peroxi-SPY650,Peroxisome,Biohub_OPS0057,OPS0057,consensus10_strict_gene_pearson,Recovery across screens,0.6902419024457533,17,stable_below
peroxisome_peroxi_spy650_live_cell_dye,Peroxi_SPY650 live cell dye,Peroxi-SPY650,Peroxisome,Biohub_OPS0045,OPS0045,consensus10_strict_magnitude_spearman,Rank across screens,0.6543299403299403,17,crosses_gate
peroxisome_peroxi_spy650_live_cell_dye,Peroxi_SPY650 live cell dye,Peroxi-SPY650,Peroxisome,Biohub_OPS0057,OPS0057,consensus10_strict_magnitude_spearman,Rank across screens,0.7746048306048305,17,crosses_gate
endosome_vps35,VPS35,VPS35,Endosome,Biohub_OPS0013,OPS0013,consensus10_strict_gene_pearson,Recovery across screens,0.730993963778019,18,stable_above
endosome_vps35,VPS35,VPS35,Endosome,Biohub_OPS0025,OPS0025,consensus10_strict_gene_pearson,Recovery across screens,0.7998951033999522,18,stable_above
endosome_vps35,VPS35,VPS35,Endosome,Biohub_OPS0013,OPS0013,consensus10_strict_magnitude_spearman,Rank across screens,0.4394320694320693,18,crosses_gate
endosome_vps35,VPS35,VPS35,Endosome,Biohub_OPS0025,OPS0025,consensus10_strict_magnitude_spearman,Rank across screens,0.727962241962242,18,crosses_gate
nucleolus-gc_npm3,NPM3,NPM3,Nucleus,Biohub_OPS0042,OPS0042,consensus10_strict_gene_pearson,Recovery across screens,0.7135559602174908,19,crosses_gate
nucleolus-gc_npm3,NPM3,NPM3,Nucleus,Biohub_OPS0058,OPS0058,consensus10_strict_gene_pearson,Recovery across screens,0.6736511383205652,19,crosses_gate
nucleolus-gc_npm3,NPM3,NPM3,Nucleus,Biohub_OPS0042,OPS0042,consensus10_strict_magnitude_spearman,Rank across screens,0.6917358857358857,19,stable_below
nucleolus-gc_npm3,NPM3,NPM3,Nucleus,Biohub_OPS0058,OPS0058,consensus10_strict_magnitude_spearman,Rank across screens,0.5455328875328875,19,stable_below
autophagosome_map1lc3b,MAP1LC3B,MAP1LC3B,Lysosome,Biohub_OPS0016,OPS0016,consensus10_strict_gene_pearson,Recovery across screens,0.6784491299962003,20,crosses_gate
autophagosome_map1lc3b,MAP1LC3B,MAP1LC3B,Lysosome,Biohub_OPS0017,OPS0017,consensus10_strict_gene_pearson,Recovery across screens,0.6846310732265313,20,crosses_gate
autophagosome_map1lc3b,MAP1LC3B,MAP1LC3B,Lysosome,Biohub_OPS0040,OPS0040,consensus10_strict_gene_pearson,Recovery across screens,0.7339980508356045,20,crosses_gate
autophagosome_map1lc3b,MAP1LC3B,MAP1LC3B,Lysosome,Biohub_OPS0016,OPS0016,consensus10_strict_magnitude_spearman,Rank across screens,0.5033512673512673,20,stable_below
autophagosome_map1lc3b,MAP1LC3B,MAP1LC3B,Lysosome,Biohub_OPS0017,OPS0017,consensus10_strict_magnitude_spearman,Rank across screens,0.5641419661419662,20,stable_below
autophagosome_map1lc3b,MAP1LC3B,MAP1LC3B,Lysosome,Biohub_OPS0040,OPS0040,consensus10_strict_magnitude_spearman,Rank across screens,0.6107802047802048,20,stable_below
nuclear_speckles_srrm2,SRRM2,SRRM2,Nucleus,Biohub_OPS0036,OPS0036,consensus10_strict_gene_pearson,Recovery across screens,0.6598935283254832,21,stable_below
nuclear_speckles_srrm2,SRRM2,SRRM2,Nucleus,Biohub_OPS0061,OPS0061,consensus10_strict_gene_pearson,Recovery across screens,0.6105499522139628,21,stable_below
nuclear_speckles_srrm2,SRRM2,SRRM2,Nucleus,Biohub_OPS0036,OPS0036,consensus10_strict_magnitude_spearman,Rank across screens,0.7515110295110294,21,crosses_gate
nuclear_speckles_srrm2,SRRM2,SRRM2,Nucleus,Biohub_OPS0061,OPS0061,consensus10_strict_magnitude_spearman,Rank across screens,0.4726394880574065,21,crosses_gate
chromalive_488_excitation,ChromaLIVE 488 excitation,ChromaLIVE 488,Mitochondria,Biohub_OPS0002,OPS0002,consensus10_strict_gene_pearson,Recovery across screens,0.6403458146378398,22,stable_below
chromalive_488_excitation,ChromaLIVE 488 excitation,ChromaLIVE 488,Mitochondria,Biohub_OPS0051,OPS0051,consensus10_strict_gene_pearson,Recovery across screens,0.6887106969952583,22,stable_below
chromalive_488_excitation,ChromaLIVE 488 excitation,ChromaLIVE 488,Mitochondria,Biohub_OPS0002,OPS0002,consensus10_strict_magnitude_spearman,Rank across screens,0.4643112743112743,22,stable_below
chromalive_488_excitation,ChromaLIVE 488 excitation,ChromaLIVE 488,Mitochondria,Biohub_OPS0051,OPS0051,consensus10_strict_magnitude_spearman,Rank across screens,0.6597629757629757,22,stable_below
mitochondria_tomm70a,TOMM70A,TOMM70A,Mitochondria,Biohub_OPS0015,OPS0015,consensus10_strict_gene_pearson,Recovery across screens,0.6351385926827788,23,stable_below
mitochondria_tomm70a,TOMM70A,TOMM70A,Mitochondria,Biohub_OPS0068,OPS0068,consensus10_strict_gene_pearson,Recovery across screens,0.5623109696510558,23,stable_below
mitochondria_tomm70a,TOMM70A,TOMM70A,Mitochondria,Biohub_OPS0015,OPS0015,consensus10_strict_magnitude_spearman,Rank across screens,0.6072732552732553,23,stable_below
mitochondria_tomm70a,TOMM70A,TOMM70A,Mitochondria,Biohub_OPS0068,OPS0068,consensus10_strict_magnitude_spearman,Rank across screens,0.4949131349131349,23,stable_below
trans-golgi_vamp3,VAMP3,VAMP3,ER/Golgi,Biohub_OPS0030,OPS0030,consensus10_strict_gene_pearson,Recovery across screens,0.5663191677692035,24,stable_below
trans-golgi_vamp3,VAMP3,VAMP3,ER/Golgi,Biohub_OPS0059,OPS0059,consensus10_strict_gene_pearson,Recovery across screens,0.5533793956662219,24,stable_below
trans-golgi_vamp3,VAMP3,VAMP3,ER/Golgi,Biohub_OPS0030,OPS0030,consensus10_strict_magnitude_spearman,Rank across screens,0.5485960405960406,24,stable_below
trans-golgi_vamp3,VAMP3,VAMP3,ER/Golgi,Biohub_OPS0059,OPS0059,consensus10_strict_magnitude_spearman,Rank across screens,0.4807800547800547,24,stable_below
er_golgi_cope,COPE,COPE,ER/Golgi,Biohub_OPS0023,OPS0023,consensus10_strict_gene_pearson,Recovery across screens,0.5082915561894575,25,stable_below
er_golgi_cope,COPE,COPE,ER/Golgi,Biohub_OPS0074,OPS0074,consensus10_strict_gene_pearson,Recovery across screens,0.4282196102042993,25,stable_below
er_golgi_cope,COPE,COPE,ER/Golgi,Biohub_OPS0023,OPS0023,consensus10_strict_magnitude_spearman,Rank across screens,0.658018978018978,25,stable_below
er_golgi_cope,COPE,COPE,ER/Golgi,Biohub_OPS0074,OPS0074,consensus10_strict_magnitude_spearman,Rank across screens,0.5495140055140055,25,stable_below
cell_proliferation_marker_mki67,MKI67*,MKI67*,Nucleus,Biohub_OPS0045,OPS0045,consensus10_strict_gene_pearson,Recovery across screens,0.5436262895042697,26,stable_below
cell_proliferation_marker_mki67,MKI67*,MKI67*,Nucleus,Biohub_OPS0057,OPS0057,consensus10_strict_gene_pearson,Recovery across screens,0.5641398479541143,26,stable_below
cell_proliferation_marker_mki67,MKI67*,MKI67*,Nucleus,Biohub_OPS0045,OPS0045,consensus10_strict_magnitude_spearman,Rank across screens,0.5188316548316548,26,stable_below
cell_proliferation_marker_mki67,MKI67*,MKI67*,Nucleus,Biohub_OPS0057,OPS0057,consensus10_strict_magnitude_spearman,Rank across screens,0.5137677457677458,26,stable_below
nuclei_nucleolive_live_cell_dye,NucleoLIVE Live Cell dye,NucleoLIVE,Nucleus,Biohub_OPS0061,OPS0061,consensus10_strict_gene_pearson,Recovery across screens,0.415945016691694,27,stable_below
nuclei_nucleolive_live_cell_dye,NucleoLIVE Live Cell dye,NucleoLIVE,Nucleus,Biohub_OPS0062,OPS0062,consensus10_strict_gene_pearson,Recovery across screens,0.4366699594829696,27,stable_below
nuclei_nucleolive_live_cell_dye,NucleoLIVE Live Cell dye,NucleoLIVE,Nucleus,Biohub_OPS0061,OPS0061,consensus10_strict_magnitude_spearman,Rank across screens,0.7820461040461041,27,crosses_gate
nuclei_nucleolive_live_cell_dye,NucleoLIVE Live Cell dye,NucleoLIVE,Nucleus,Biohub_OPS0062,OPS0062,consensus10_strict_magnitude_spearman,Rank across screens,0.5043559683559684,27,crosses_gate
caspase_activity_cellevent-caspase_live-cell_dye,CellEvent-Caspase live-cell dye,CellEvent-Caspase,Stress/PQC,Biohub_OPS0050,OPS0050,consensus10_strict_gene_pearson,Recovery across screens,0.5623491830192506,28,stable_below
caspase_activity_cellevent-caspase_live-cell_dye,CellEvent-Caspase live-cell dye,CellEvent-Caspase,Stress/PQC,Biohub_OPS0073,OPS0073,consensus10_strict_gene_pearson,Recovery across screens,0.5395899851185579,28,stable_below
caspase_activity_cellevent-caspase_live-cell_dye,CellEvent-Caspase live-cell dye,CellEvent-Caspase,Stress/PQC,Biohub_OPS0050,OPS0050,consensus10_strict_magnitude_spearman,Rank across screens,0.6003669483669484,28,stable_below
caspase_activity_cellevent-caspase_live-cell_dye,CellEvent-Caspase live-cell dye,CellEvent-Caspase,Stress/PQC,Biohub_OPS0073,OPS0073,consensus10_strict_magnitude_spearman,Rank across screens,0.4344548364548364,28,stable_below
proteasome_psmb7,PSMB7,PSMB7,Stress/PQC,Biohub_OPS0029,OPS0029,consensus10_strict_gene_pearson,Recovery across screens,0.6214668691779177,29,stable_below
proteasome_psmb7,PSMB7,PSMB7,Stress/PQC,Biohub_OPS0070,OPS0070,consensus10_strict_gene_pearson,Recovery across screens,0.5258980253711343,29,stable_below
proteasome_psmb7,PSMB7,PSMB7,Stress/PQC,Biohub_OPS0029,OPS0029,consensus10_strict_magnitude_spearman,Rank across screens,0.765444736574118,29,crosses_gate
proteasome_psmb7,PSMB7,PSMB7,Stress/PQC,Biohub_OPS0070,OPS0070,consensus10_strict_magnitude_spearman,Rank across screens,0.1015375555375555,29,crosses_gate
nucleolus-dfc_fbl,FBL,FBL,Nucleus,Biohub_OPS0041,OPS0041,consensus10_strict_gene_pearson,Recovery across screens,0.4528576314914971,30,stable_below
nucleolus-dfc_fbl,FBL,FBL,Nucleus,Biohub_OPS0062,OPS0062,consensus10_strict_gene_pearson,Recovery across screens,0.4041683645870458,30,stable_below
nucleolus-dfc_fbl,FBL,FBL,Nucleus,Biohub_OPS0041,OPS0041,consensus10_strict_magnitude_spearman,Rank across screens,0.7172912312912313,30,crosses_gate
nucleolus-dfc_fbl,FBL,FBL,Nucleus,Biohub_OPS0062,OPS0062,consensus10_strict_magnitude_spearman,Rank across screens,0.2640815040815041,30,crosses_gate
oxidative_stress_cellrox_live-cell_dye,CellROX live-cell dye,CellROX,Signaling,Biohub_OPS0048,OPS0048,consensus10_strict_gene_pearson,Recovery across screens,0.6310308797728794,31,stable_below
oxidative_stress_cellrox_live-cell_dye,CellROX live-cell dye,CellROX,Signaling,Biohub_OPS0069,OPS0069,consensus10_strict_gene_pearson,Recovery across screens,0.3141369120761131,31,stable_below
oxidative_stress_cellrox_live-cell_dye,CellROX live-cell dye,CellROX,Signaling,Biohub_OPS0048,OPS0048,consensus10_strict_magnitude_spearman,Rank across screens,0.7832317832317832,31,crosses_gate
oxidative_stress_cellrox_live-cell_dye,CellROX live-cell dye,CellROX,Signaling,Biohub_OPS0069,OPS0069,consensus10_strict_magnitude_spearman,Rank across screens,0.0355001155001154,31,crosses_gate
endocytic_vesicle_ph_phrodo-dextran_live_cell_dye,pHrodo-dextran Live Cell Dye,pHrodo-dextran,Signaling,Biohub_OPS0053,OPS0053,consensus10_strict_gene_pearson,Recovery across screens,0.3304604567044104,32,stable_below
endocytic_vesicle_ph_phrodo-dextran_live_cell_dye,pHrodo-dextran Live Cell Dye,pHrodo-dextran,Signaling,Biohub_OPS0064,OPS0064,consensus10_strict_gene_pearson,Recovery across screens,0.3070989734260365,32,stable_below
endocytic_vesicle_ph_phrodo-dextran_live_cell_dye,pHrodo-dextran Live Cell Dye,pHrodo-dextran,Signaling,Biohub_OPS0053,OPS0053,consensus10_strict_magnitude_spearman,Rank across screens,0.6965267225267224,32,stable_below
endocytic_vesicle_ph_phrodo-dextran_live_cell_dye,pHrodo-dextran Live Cell Dye,pHrodo-dextran,Signaling,Biohub_OPS0064,OPS0064,consensus10_strict_magnitude_spearman,Rank across screens,0.3079083979083978,32,stable_below
lipid_droplet_plin2,PLIN2,PLIN2,Lysosome,Biohub_OPS0022,OPS0022,consensus10_strict_gene_pearson,Recovery across screens,0.3941558683291077,33,stable_below
lipid_droplet_plin2,PLIN2,PLIN2,Lysosome,Biohub_OPS0065,OPS0065,consensus10_strict_gene_pearson,Recovery across screens,0.2384413432834359,33,stable_below
lipid_droplet_plin2,PLIN2,PLIN2,Lysosome,Biohub_OPS0022,OPS0022,consensus10_strict_magnitude_spearman,Rank across screens,0.4671013071013071,33,stable_below
lipid_droplet_plin2,PLIN2,PLIN2,Lysosome,Biohub_OPS0065,OPS0065,consensus10_strict_magnitude_spearman,Rank across screens,0.176065724065724,33,stable_below
fe2+_ferhonox_live-cell_dye,FeRhoNox live-cell dye,FeRhoNox,Signaling,Biohub_OPS0047,OPS0047,consensus10_strict_gene_pearson,Recovery across screens,0.1975041540572419,34,stable_below
fe2+_ferhonox_live-cell_dye,FeRhoNox live-cell dye,FeRhoNox,Signaling,Biohub_OPS0067,OPS0067,consensus10_strict_gene_pearson,Recovery across screens,0.1566016610596913,34,stable_below
fe2+_ferhonox_live-cell_dye,FeRhoNox live-cell dye,FeRhoNox,Signaling,Biohub_OPS0047,OPS0047,consensus10_strict_magnitude_spearman,Rank across screens,0.5764092964092964,34,stable_below
fe2+_ferhonox_live-cell_dye,FeRhoNox live-cell dye,FeRhoNox,Signaling,Biohub_OPS0067,OPS0067,consensus10_strict_magnitude_spearman,Rank across screens,0.2495001515001514,34,stable_below
