reporter_slug,short_name,biological_category_y,n_directions,minimum,median,maximum,metric,metric_label,range,status,reporter_order,display_label
lysosome_lysotracker_live-cell_dye,LysoTracker live-cell dye,Lysosome,3,0.9115333991746108,0.9215849488973618,0.9290434022744496,consensus10_strict_gene_pearson,Recovery across screens,0.017510003099838745,stable_above,1,LysoTracker
lysosome_lysotracker_live-cell_dye,LysoTracker live-cell dye,Lysosome,3,0.965000177000177,0.9663740523740524,0.9908793428793428,consensus10_strict_magnitude_spearman,Rank across screens,0.025879165879165722,stable_above,1,LysoTracker
lipid_droplet_bodipy_live_cell_dye,BODIPY live cell dye,Lysosome,2,0.9110287303725878,0.9128109822049737,0.9145932340373596,consensus10_strict_gene_pearson,Recovery across screens,0.00356450366477179,stable_above,2,BODIPY
lipid_droplet_bodipy_live_cell_dye,BODIPY live cell dye,Lysosome,2,0.9170199170199168,0.9315482025482025,0.946076488076488,consensus10_strict_magnitude_spearman,Rank across screens,0.029056571056571223,stable_above,2,BODIPY
clathrin_vesicles_clta,CLTA,Lysosome,2,0.8925102185457945,0.905717357682685,0.9189244968195756,consensus10_strict_gene_pearson,Recovery across screens,0.026414278273781067,stable_above,3,CLTA
clathrin_vesicles_clta,CLTA,Lysosome,2,0.8913070533070533,0.9218888978888978,0.9524707424707424,consensus10_strict_magnitude_spearman,Rank across screens,0.06116368916368908,stable_above,3,CLTA
plasma_membrane_slc3a2,SLC3A2,Plasma Membrane,2,0.9074940557281176,0.9157658194502195,0.9240375831723214,consensus10_strict_gene_pearson,Recovery across screens,0.016543527444203843,stable_above,4,SLC3A2
plasma_membrane_slc3a2,SLC3A2,Plasma Membrane,2,0.9012230652230652,0.9082284472284472,0.9152338292338292,consensus10_strict_magnitude_spearman,Rank across screens,0.014010764010764065,stable_above,4,SLC3A2
late_endosome_rab7a,RAB7A,Endosome,2,0.8916496870418389,0.8965955879539251,0.9015414888660114,consensus10_strict_gene_pearson,Recovery across screens,0.009891801824172486,stable_above,5,RAB7A
late_endosome_rab7a,RAB7A,Endosome,2,0.8747760287760288,0.8978348648348649,0.920893700893701,consensus10_strict_magnitude_spearman,Rank across screens,0.04611767211767226,stable_above,5,RAB7A
actin_filament_fastact_spy555_live_cell_dye,FastAct_SPY555 Live Cell Dye,Cytoskeleton,5,0.8513300462315481,0.8992468838890393,0.9132349422822396,consensus10_strict_gene_pearson,Recovery across screens,0.061904896050691494,stable_above,6,FastAct-SPY555
actin_filament_fastact_spy555_live_cell_dye,FastAct_SPY555 Live Cell Dye,Cytoskeleton,5,0.8666996606996606,0.893100893100893,0.9236049236049236,consensus10_strict_magnitude_spearman,Rank across screens,0.05690526290526299,stable_above,6,FastAct-SPY555
recycling_endosome_tfrc,TFRC,Endosome,2,0.8283504365632932,0.8514042980968952,0.8744581596304973,consensus10_strict_gene_pearson,Recovery across screens,0.04610772306720412,stable_above,7,TFRC
recycling_endosome_tfrc,TFRC,Endosome,2,0.9048405948405948,0.9188228438228438,0.9328050928050928,consensus10_strict_magnitude_spearman,Rank across screens,0.02796449796449807,stable_above,7,TFRC
er_sec61b,SEC61B,ER/Golgi,6,0.7891836023579042,0.859978630207479,0.937248277167479,consensus10_strict_gene_pearson,Recovery across screens,0.14806467480957486,stable_above,8,SEC61B
er_sec61b,SEC61B,ER/Golgi,6,0.7354520254520255,0.7873871563871564,0.8107889107889108,consensus10_strict_magnitude_spearman,Rank across screens,0.07533688533688532,stable_above,8,SEC61B
er_golgi_bridge_vapa,VAPA,ER/Golgi,2,0.8006095308810472,0.8025765387962263,0.8045435467114052,consensus10_strict_gene_pearson,Recovery across screens,0.0039340158303579065,stable_above,9,VAPA
er_golgi_bridge_vapa,VAPA,ER/Golgi,2,0.7830850470850471,0.8322227742227742,0.8813605013605014,consensus10_strict_magnitude_spearman,Rank across screens,0.09827545427545425,stable_above,9,VAPA
mitochondria_chromalive_561_excitation,ChromaLIVE 561 excitation,Mitochondria,2,0.7001154460012913,0.7039012958606085,0.7076871457199256,consensus10_strict_gene_pearson,Recovery across screens,0.0075716997186343615,stable_above,10,ChromaLIVE 561
mitochondria_chromalive_561_excitation,ChromaLIVE 561 excitation,Mitochondria,2,0.8596380376380377,0.86053242617866,0.8614268147192823,consensus10_strict_magnitude_spearman,Rank across screens,0.0017887770812445858,stable_above,10,ChromaLIVE 561
lysosome_lamp1,LAMP1,Lysosome,2,0.7118165741364161,0.7530210890496771,0.7942256039629381,consensus10_strict_gene_pearson,Recovery across screens,0.08240902982652198,stable_above,11,LAMP1
lysosome_lamp1,LAMP1,Lysosome,2,0.7314129474129474,0.762064977064977,0.7927170067170067,consensus10_strict_magnitude_spearman,Rank across screens,0.061304059304059355,stable_above,11,LAMP1
5xupre,5xUPRE,Stress/PQC,6,0.7097535341978074,0.7536989267915487,0.78638836145401,consensus10_strict_gene_pearson,Recovery across screens,0.07663482725620263,stable_above,12,5xUPRE
5xupre,5xUPRE,Stress/PQC,6,0.6746746826746827,0.7394621264621265,0.7867109107109107,consensus10_strict_magnitude_spearman,Rank across screens,0.11203622803622804,crosses_gate,12,5xUPRE
plasma_membrane_atp1b3,ATP1B3,Plasma Membrane,2,0.7461572575072447,0.7520149283421536,0.7578725991770625,consensus10_strict_gene_pearson,Recovery across screens,0.011715341669817803,stable_above,13,ATP1B3
plasma_membrane_atp1b3,ATP1B3,Plasma Membrane,2,0.7063984123984124,0.7306383376383376,0.7548782628782629,consensus10_strict_magnitude_spearman,Rank across screens,0.048479850479850484,stable_above,13,ATP1B3
chromatin_h2bc21,H2BC21,Nucleus,2,0.6921494739751022,0.7205738717069229,0.7489982694387436,consensus10_strict_gene_pearson,Recovery across screens,0.05684879546364141,crosses_gate,14,H2BC21
chromatin_h2bc21,H2BC21,Nucleus,2,0.6804095184095185,0.7013780243780244,0.7223465303465304,consensus10_strict_magnitude_spearman,Rank across screens,0.041937011937011937,crosses_gate,14,H2BC21
chaperones_hspa1b,HSPA1B,Stress/PQC,2,0.71668716147542,0.7657895938803753,0.8148920262853305,consensus10_strict_gene_pearson,Recovery across screens,0.09820486480991053,stable_above,15,HSPA1B
chaperones_hspa1b,HSPA1B,Stress/PQC,2,0.5668151248151247,0.6220685500685501,0.6773219753219754,consensus10_strict_magnitude_spearman,Rank across screens,0.1105068505068506,stable_below,15,HSPA1B
autophagosome_atg101,ATG101,Lysosome,2,0.690906960517168,0.7069242351378003,0.7229415097584326,consensus10_strict_gene_pearson,Recovery across screens,0.03203454924126459,crosses_gate,16,ATG101
autophagosome_atg101,ATG101,Lysosome,2,0.6564811764811764,0.6621460041460041,0.6678108318108318,consensus10_strict_magnitude_spearman,Rank across screens,0.011329655329655353,stable_below,16,ATG101
peroxisome_peroxi_spy650_live_cell_dye,Peroxi_SPY650 live cell dye,Peroxisome,2,0.6147565112138788,0.6524992068298161,0.6902419024457533,consensus10_strict_gene_pearson,Recovery across screens,0.07548539123187459,stable_below,17,Peroxi-SPY650
peroxisome_peroxi_spy650_live_cell_dye,Peroxi_SPY650 live cell dye,Peroxisome,2,0.6543299403299403,0.7144673854673854,0.7746048306048305,consensus10_strict_magnitude_spearman,Rank across screens,0.12027489027489024,crosses_gate,17,Peroxi-SPY650
endosome_vps35,VPS35,Endosome,2,0.730993963778019,0.7654445335889856,0.7998951033999522,consensus10_strict_gene_pearson,Recovery across screens,0.06890113962193323,stable_above,18,VPS35
endosome_vps35,VPS35,Endosome,2,0.4394320694320693,0.5836971556971556,0.727962241962242,consensus10_strict_magnitude_spearman,Rank across screens,0.2885301725301727,crosses_gate,18,VPS35
nucleolus-gc_npm3,NPM3,Nucleus,2,0.6736511383205652,0.693603549269028,0.7135559602174908,consensus10_strict_gene_pearson,Recovery across screens,0.03990482189692557,crosses_gate,19,NPM3
nucleolus-gc_npm3,NPM3,Nucleus,2,0.5455328875328875,0.6186343866343866,0.6917358857358857,consensus10_strict_magnitude_spearman,Rank across screens,0.1462029982029982,stable_below,19,NPM3
autophagosome_map1lc3b,MAP1LC3B,Lysosome,3,0.6784491299962003,0.6846310732265313,0.7339980508356045,consensus10_strict_gene_pearson,Recovery across screens,0.055548920839404214,crosses_gate,20,MAP1LC3B
autophagosome_map1lc3b,MAP1LC3B,Lysosome,3,0.5033512673512673,0.5641419661419662,0.6107802047802048,consensus10_strict_magnitude_spearman,Rank across screens,0.10742893742893744,stable_below,20,MAP1LC3B
nuclear_speckles_srrm2,SRRM2,Nucleus,2,0.6105499522139628,0.635221740269723,0.6598935283254832,consensus10_strict_gene_pearson,Recovery across screens,0.049343576111520404,stable_below,21,SRRM2
nuclear_speckles_srrm2,SRRM2,Nucleus,2,0.4726394880574065,0.612075258784218,0.7515110295110294,consensus10_strict_magnitude_spearman,Rank across screens,0.2788715414536229,crosses_gate,21,SRRM2
chromalive_488_excitation,ChromaLIVE 488 excitation,Mitochondria,2,0.6403458146378398,0.6645282558165491,0.6887106969952583,consensus10_strict_gene_pearson,Recovery across screens,0.04836488235741854,stable_below,22,ChromaLIVE 488
chromalive_488_excitation,ChromaLIVE 488 excitation,Mitochondria,2,0.4643112743112743,0.562037125037125,0.6597629757629757,consensus10_strict_magnitude_spearman,Rank across screens,0.19545170145170143,stable_below,22,ChromaLIVE 488
mitochondria_tomm70a,TOMM70A,Mitochondria,2,0.5623109696510558,0.5987247811669173,0.6351385926827788,consensus10_strict_gene_pearson,Recovery across screens,0.07282762303172308,stable_below,23,TOMM70A
mitochondria_tomm70a,TOMM70A,Mitochondria,2,0.4949131349131349,0.5510931950931951,0.6072732552732553,consensus10_strict_magnitude_spearman,Rank across screens,0.11236012036012039,stable_below,23,TOMM70A
trans-golgi_vamp3,VAMP3,ER/Golgi,2,0.5533793956662219,0.5598492817177128,0.5663191677692035,consensus10_strict_gene_pearson,Recovery across screens,0.012939772102981695,stable_below,24,VAMP3
trans-golgi_vamp3,VAMP3,ER/Golgi,2,0.4807800547800547,0.5146880476880477,0.5485960405960406,consensus10_strict_magnitude_spearman,Rank across screens,0.06781598581598591,stable_below,24,VAMP3
er_golgi_cope,COPE,ER/Golgi,2,0.4282196102042993,0.46825558319687843,0.5082915561894575,consensus10_strict_gene_pearson,Recovery across screens,0.08007194598515827,stable_below,25,COPE
er_golgi_cope,COPE,ER/Golgi,2,0.5495140055140055,0.6037664917664918,0.658018978018978,consensus10_strict_magnitude_spearman,Rank across screens,0.10850497250497249,stable_below,25,COPE
cell_proliferation_marker_mki67,MKI67*,Nucleus,2,0.5436262895042697,0.553883068729192,0.5641398479541143,consensus10_strict_gene_pearson,Recovery across screens,0.020513558449844593,stable_below,26,MKI67*
cell_proliferation_marker_mki67,MKI67*,Nucleus,2,0.5137677457677458,0.5162997002997003,0.5188316548316548,consensus10_strict_magnitude_spearman,Rank across screens,0.005063909063909078,stable_below,26,MKI67*
nuclei_nucleolive_live_cell_dye,NucleoLIVE Live Cell dye,Nucleus,2,0.415945016691694,0.42630748808733177,0.4366699594829696,consensus10_strict_gene_pearson,Recovery across screens,0.020724942791275625,stable_below,27,NucleoLIVE
nuclei_nucleolive_live_cell_dye,NucleoLIVE Live Cell dye,Nucleus,2,0.5043559683559684,0.6432010362010363,0.7820461040461041,consensus10_strict_magnitude_spearman,Rank across screens,0.2776901356901357,crosses_gate,27,NucleoLIVE
caspase_activity_cellevent-caspase_live-cell_dye,CellEvent-Caspase live-cell dye,Stress/PQC,2,0.5395899851185579,0.5509695840689043,0.5623491830192506,consensus10_strict_gene_pearson,Recovery across screens,0.022759197900692696,stable_below,28,CellEvent-Caspase
caspase_activity_cellevent-caspase_live-cell_dye,CellEvent-Caspase live-cell dye,Stress/PQC,2,0.4344548364548364,0.5174108924108924,0.6003669483669484,consensus10_strict_magnitude_spearman,Rank across screens,0.16591211191211197,stable_below,28,CellEvent-Caspase
proteasome_psmb7,PSMB7,Stress/PQC,2,0.5258980253711343,0.573682447274526,0.6214668691779177,consensus10_strict_gene_pearson,Recovery across screens,0.09556884380678343,stable_below,29,PSMB7
proteasome_psmb7,PSMB7,Stress/PQC,2,0.1015375555375555,0.4334911460558368,0.765444736574118,consensus10_strict_magnitude_spearman,Rank across screens,0.6639071810365625,crosses_gate,29,PSMB7
nucleolus-dfc_fbl,FBL,Nucleus,2,0.4041683645870458,0.42851299803927145,0.4528576314914971,consensus10_strict_gene_pearson,Recovery across screens,0.0486892669044513,stable_below,30,FBL
nucleolus-dfc_fbl,FBL,Nucleus,2,0.2640815040815041,0.4906863676863677,0.7172912312912313,consensus10_strict_magnitude_spearman,Rank across screens,0.4532097272097272,crosses_gate,30,FBL
oxidative_stress_cellrox_live-cell_dye,CellROX live-cell dye,Signaling,2,0.3141369120761131,0.47258389592449623,0.6310308797728794,consensus10_strict_gene_pearson,Recovery across screens,0.3168939676967663,stable_below,31,CellROX
oxidative_stress_cellrox_live-cell_dye,CellROX live-cell dye,Signaling,2,0.0355001155001154,0.40936594936594933,0.7832317832317832,consensus10_strict_magnitude_spearman,Rank across screens,0.7477316677316678,crosses_gate,31,CellROX
endocytic_vesicle_ph_phrodo-dextran_live_cell_dye,pHrodo-dextran Live Cell Dye,Signaling,2,0.3070989734260365,0.3187797150652234,0.3304604567044104,consensus10_strict_gene_pearson,Recovery across screens,0.023361483278373896,stable_below,32,pHrodo-dextran
endocytic_vesicle_ph_phrodo-dextran_live_cell_dye,pHrodo-dextran Live Cell Dye,Signaling,2,0.3079083979083978,0.5022175602175601,0.6965267225267224,consensus10_strict_magnitude_spearman,Rank across screens,0.38861832461832463,stable_below,32,pHrodo-dextran
lipid_droplet_plin2,PLIN2,Lysosome,2,0.2384413432834359,0.3162986058062718,0.3941558683291077,consensus10_strict_gene_pearson,Recovery across screens,0.1557145250456718,stable_below,33,PLIN2
lipid_droplet_plin2,PLIN2,Lysosome,2,0.176065724065724,0.32158351558351556,0.4671013071013071,consensus10_strict_magnitude_spearman,Rank across screens,0.2910355830355831,stable_below,33,PLIN2
fe2+_ferhonox_live-cell_dye,FeRhoNox live-cell dye,Signaling,2,0.1566016610596913,0.1770529075584666,0.1975041540572419,consensus10_strict_gene_pearson,Recovery across screens,0.04090249299755058,stable_below,34,FeRhoNox
fe2+_ferhonox_live-cell_dye,FeRhoNox live-cell dye,Signaling,2,0.2495001515001514,0.4129547239547239,0.5764092964092964,consensus10_strict_magnitude_spearman,Rank across screens,0.326909144909145,stable_below,34,FeRhoNox
