path,bytes,sha256
README.md,2904,497ed92bc02a02661d0e557778478456fbc849a1d5b4f42381e24bf16b575fb4
code/build_supplementary_figure3.py,10375,a96990100ba979ec6ace9a89d9992b923da2b420ae3171faeeb06efaac11eb20
code/verify_figure.py,6135,30db318064eb7868afd49877c187a51bc742fe597ab582fafa65552c312a5290
figure_legend.md,1829,2c5e680322bb7630b06a724910c4b6cd440968dc09a848cbf4e02c98e5f15655
figure_methods.md,2676,33f9b2b38c556a3e4de7909f95235c85e3fd5e79dd8982a7aae2f5288cf5bd7e
figure_plot_spec.yaml,2337,50729b21d902e4e4ef09392eaaf1566ca354d4881cbf105e3cefb14be5582655
requirements.txt,63,56a322a84493a735c7cb3a2f6eacb9fdc5fc7b430be386acbaf39ff41eb7dade
source_data/input_manifest_sha256.csv,496,4daf841490481b230515b7606c5a4309a39c0515bedb1fa61658b3d23b4f060e
source_data/plotted_point_keys.csv,35661,aed8b7b5b4763220d44a562680824c6c251ba56ba0884360a693e0b49f58bc41
