gene,n_targeting_cells
AACS,200
AARS,206
AATF,220
ABCE1,191
ABHD10,178
ABHD16A,199
ACSL4,234
ACSS2,218
ACTR3,256
ADAMTS18,207
ADAMTS4,196
ADAT3,198
ADRA2C,224
ADRB2,197
ADRM1,190
ADSS,213
AGAP4,183
AGAP9,225
AHCYL1,240
AKR1C3,202
ALAS1,221
ALG12,248
ALKBH8,223
ALYREF,227
AMIGO3,269
AMMECR1,178
ANP32B,173
AP1M1,216
AP1S1,207
AP2A1,221
AP2M1,206
AP2S1,202
AP3M1,220
AP3M2,188
AP3S1,167
APC,203
AQP7,184
ARGLU1,201
ARHGAP22,196
ARHGEF9,232
ARID5B,214
ARL2,233
ARNT2,191
ARPC2,192
ARPC3,210
ARPC4,222
ARPP19,214
ASCC3,171
ASF1B,219
ASNA1,257
ASNS,228
ATAD3A,237
ATF6,197
ATG9A,200
ATIC,212
ATP5F1B,210
ATP5ME,166
ATP6V0A1,197
ATP6V0A2,191
ATP6V1B2,178
ATP6V1H,208
ATRX,176
ATXN10,160
ATXN7L3,182
AURKB,175
B3GAT3,214
B3GNT2,145
B4GALT3,225
B4GALT5,223
BEND3,197
BEND6,193
BET1,263
BLOC1S2,207
BLOC1S6,201
BMS1,187
BORCS7,201
BORCS8,169
BRCA1,177
BRD8,158
BRD9,171
BRK1,198
BTAF1,206
BTBD9,219
BTF3L4,174
BUB1B,200
BUD31,186
C12orf45,174
C1D,210
C1QBP,193
C2orf27B,163
C5orf22,238
C5orf30,197
CA13,257
CA5A,198
CA7,183
CABIN1,221
CACNA1D,231
CACNB1,237
CAD,182
CALM1,198
CALM3,231
CAPN12,186
CAPZB,158
CARS,191
CASP3,209
CBWD1,158
CBWD2,195
CBWD3,181
CCDC174,188
CCDC59,208
CCNB1,177
CCNC,206
CCND3,197
CCNF,192
CCNG1,222
CCNH,218
CCR2,196
CCT3,179
CCT4,181
CCT6A,205
CCT7,205
CD164,218
CD2BP2,176
CD3EAP,209
CD4,229
CD5,218
CD9,243
CDC27,205
CDC45,157
CDC5L,183
CDH15,236
CDIPT,186
CDK7,190
CENPA,221
CENPC,149
CENPH,158
CENPW,195
CEP135,210
CEP350,190
CEP55,179
CEP85,177
CERCAM,188
CERS6,185
CFL1,210
CHD1,203
CHD4,176
CHERP,148
CHMP1A,233
CHMP2A,259
CHMP4B,210
CHMP4C,227
CHMP5,195
CHMP6,149
CHMP7,191
CHST12,215
CHTF8,202
CIAO1,180
CIAPIN1,186
CIT,215
CLASP1,137
CLDN15,207
CLK3,223
CMTR1,172
CNOT1,201
CNOT10,238
CNOT11,220
CNOT2,235
CNOT4,170
COA4,184
COA5,209
COG3,164
COG4,222
COG6,200
COG7,179
COG8,213
COL18A1,185
COL9A1,199
COMMD4,215
COMMD5,192
COMTD1,162
COPA,140
COPB1,164
COPB2,164
COPS2,121
COPS3,206
COPS4,212
COPS5,174
COPS6,174
COPS8,188
COPZ1,203
COQ10B,175
COQ4,204
COQ7,187
COX11,187
COX14,208
COX15,207
COX7B,184
COX7C,179
CPOX,252
CPSF2,196
CPSF3,169
CPSF6,227
CRAT,216
CREBBP,179
CSE1L,165
CSNK2A2,197
CSNK2A3,221
CTDSP1,199
CTDSPL2,165
CTPS2,206
CTSG,216
CTU1,191
CTU2,199
CUL1,222
CUL2,180
CYP26C1,209
CYP2C18,223
CYP4V2,212
DAD1,190
DARS,216
DCAF11,214
DCAF7,212
DCTN4,201
DCTN5,211
DDB1,203
DDI2,192
DDOST,185
DDRGK1,208
DDX18,159
DDX39B,187
DDX46,237
DDX47,216
DDX52,185
DENR,220
DERL2,188
DGCR8,257
DGKD,189
DHDDS,219
DHRS9,219
DHX30,196
DHX9,227
DIS3L2,228
DLD,177
DLG4,190
DMRTC2,172
DNAJA3,257
DNAJC19,200
DNASE1L1,199
DNMT1,183
DPH2,188
DPH3,182
DRAP1,170
DUT,217
DYNC1H1,216
DYNC1I2,225
DYNC1LI1,210
DYNC1LI2,236
DYNLL1,185
DYNLL2,166
DYRK1A,210
EBF1,202
ECT2,216
EFR3A,217
EFTUD2,229
EGFL7,200
EIF1AD,223
EIF2AK3,216
EIF2B2,175
EIF2B3,179
EIF2B4,191
EIF2B5,202
EIF2S1,192
EIF2S2,161
EIF3A,156
EIF3B,194
EIF3L,199
EIF3M,162
EIF4A1,176
EIF4G1,210
EIF5B,211
EIF6,176
ELAC2,276
ELAVL1,244
ELOC,192
ELOVL1,176
ELP2,196
ELP4,203
EMC1,233
EMC2,183
EMC3,225
EPB41L2,224
EPRS,203
ERCC3,162
ERCC6,185
ERN1,215
ETHE1,158
ETS1,228
EXOC4,207
EXOC5,227
EXOC7,195
EXOSC3,258
EXOSC5,206
EXOSC6,214
EXOSC8,168
F2,170
FAM83H,235
FANCC,201
FANCG,225
FANCM,210
FARSA,232
FARSB,170
FAT1,200
FAU,147
FBXL4,191
FBXW11,231
FCGR1A,201
FECH,215
FGF1,207
FGF23,191
FGFR1OP,206
FGFR1OP2,251
FIGLA,210
FJX1,234
FKBP9,211
FLII,208
FOXD4L1,167
FOXD4L5,201
FOXK1,206
FOXL2,194
FTH1,177
FTL,262
FTSJ3,196
FUNDC2,215
FZD9,223
GABBR1,245
GABRR3,256
GAK,225
GARS,171
GBF1,148
GGTLC2,239
GINS1,232
GINS2,198
GLB1,228
GMPPB,177
GNG5,198
GNL2,180
GNL3,152
GNL3L,210
GNPNAT1,195
GOLGA2,268
GOLGA6D,184
GOLGA6L1,187
GOLGA8K,186
GOLT1B,184
GPN1,190
GPN2,176
GPS1,217
GPX4,178
GPX8,205
GRB2,205
GRIA3,202
GRPEL1,216
GTF2A1,173
GTF2A2,234
GTF2B,180
GTF2E2,200
GTF3C1,234
GTF3C4,205
GTF3C6,183
GTPBP4,218
H2AFX,228
HAMP,217
HARS,200
HAUS4,197
HAUS5,207
HAUS6,170
HBS1L,218
HDAC3,199
HDAC4,234
HDAC6,223
HECTD1,188
HGS,237
HIC2,207
HIST1H2AI,165
HIST1H2BK,180
HIST2H3D,268
HMGB1,217
HMGB3,233
HMGCR,168
HNRNPH1,159
HNRNPH2,230
HNRNPK,171
HOXB2,261
HSD17B12,206
HSF1,209
HSPA14,197
HSPA5,149
HSPA9,192
HSPB9,193
HSPD1,204
HYOU1,176
IARS2,219
IBA57,217
IDH3A,210
IDH3B,223
IER3IP1,202
IGBP1,193
ILF3,179
IMP4,194
IMPA2,163
IMPDH1,192
IMPDH2,193
INCENP,186
INO80D,224
INO80E,173
INPPL1,218
INTS1,207
INTS10,199
INTS11,156
INTS2,211
INTS5,194
INTS7,216
ITGB1,191
ITPR1,223
IVL,217
IZUMO2,221
JUNB,190
KANSL1,163
KATNBL1,195
KCNG1,225
KCNG4,204
KCTD16,218
KDM4A,230
KDM6A,210
KIAA1958,213
KIF11,158
KIF14,174
KIF17,246
KIF20A,194
KIF23,228
KIN,208
KLHL7,247
KPNB1,176
KRAS,194
KRI1,200
KRT10,223
KRT18,203
KRT8,236
KRTAP2-3,222
KRTAP2-4,192
KRTAP4-2,206
LAMTOR1,230
LAMTOR2,196
LAMTOR3,223
LAMTOR4,238
LARP7,222
LARS,192
LCE3A,208
LDLR,223
LENG8,209
LIAS,214
LIMD2,174
LIMS1,257
LIN37,194
LIN9,189
LMX1B,198
LRP1B,209
LSM4,150
LSM5,143
LSM6,155
LTB4R,182
LTN1,174
LTV1,221
LYPD2,192
LYSMD1,235
MAD2L2,206
MAFA,225
MANF,191
MAP2K7,212
MAP7D1,298
MAPK1,204
MAPRE3,186
MARS,208
MAX,197
MBD5,195
MBTD1,240
MCEE,200
MCM3,172
MCM5,213
MCM7,222
MCRS1,200
MCTS1,188
MDN1,193
MEAF6,239
MED13L,218
MED18,218
MED21,180
MED6,192
METAP1,200
METTL3,171
METTL7A,325
METTL7B,203
MEX3C,217
MFAP1,179
MGAM,213
MICOS13,221
MIEN1,216
MIOS,228
MLLT1,204
MMP17,207
MOB4,157
MRGBP,202
MRM1,157
MROH6,209
MRPL20,268
MRPL34,184
MRPL39,214
MRPL40,176
MRPL42,194
MRPL52,194
MSANTD4,199
MSH3,190
MTA2,207
MTBP,168
MTHFD1,224
MTOR,205
MUC13,180
MUCL1,204
MXRA8,310
MYBPHL,206
MYCL,216
NACC1,207
NAE1,177
NAMPT,179
NAPA,201
NAPG,194
NBEAL1,192
NBPF15,163
NCAN,182
NCAPG2,179
NCBP2,112
NCDN,198
NCKIPSD,215
NCL,187
NCOA1,232
NCOA4,192
NDUFC1,198
NEDD8,175
NEK1,197
NHSL1,203
NLE1,172
NMT1,198
NOB1,179
NOL10,237
NOL6,217
NOL7,203
NOL8,215
NOLC1,183
NOP16,202
NOP56,174
NOP58,191
NOP9,195
NPRL2,210
NR2C2AP,182
NR2E1,233
NR2F2,249
NRAS,207
NSA2,184
NUDCD1,203
NUDT21,202
NUFIP2,213
NUP214,174
NUP37,200
NUP54,253
NUP98,167
OAZ1,229
OGT,173
OR2T5,247
ORC6,168
OSBPL7,211
OST4,182
OTOP1,205
P4HB,164
PAICS,144
PAN2,188
PARP1,195
PARP12,195
PATL1,206
PCF11,198
PCID2,195
PCYT1A,191
PDCD7,256
PDGFRA,181
PDIA6,269
PDPK1,176
PDZK1IP1,205
PEF1,187
PEX19,201
PFDN2,179
PFN1,217
PGK1,187
PHB,188
PHB2,161
PHF23,205
PIAS1,201
PIGS,160
PIM2,212
PKMYT1,232
PLA2G4A,213
PLEKHM2,200
PLGLB2,195
PLOD3,206
POLA1,142
POLA2,225
POLE,175
POLE2,160
POLE4,210
POLR1B,174
POLR1C,233
POLR1E,156
POLR2B,188
POLR2C,185
POLR2D,177
POLR2E,201
POLR2F,174
POLR2H,171
POLR2I,180
POLR2M,183
POLR3A,219
POLR3B,183
POLR3E,174
POLR3F,266
POP4,193
POU3F1,191
PPAN,190
PPAT,205
PPCS,217
PPIA,188
PPIAL4D,177
PPIE,160
PPP1CA,212
PPP1R15B,201
PPP1R2,219
PPP2CA,186
PPWD1,214
PPY,204
PRAMEF6,221
PRCC,234
PRDM13,199
PREB,168
PRELID3B,211
PRIM1,193
PRKACA,240
PRKRA,148
PRMT3,185
PROS1,194
PRPF39,191
PRPF4,219
PRPF6,189
PRRC2A,205
PRSS3,176
PSMB6,248
PSMC2,187
PSMC6,208
PSMD11,178
PSMD14,178
PSMD2,203
PSMD4,177
PSPC1,218
PSRC1,233
PTDSS1,218
PTEN,201
PTK2,218
PTPMT1,155
PTPRH,206
PTPRR,250
PUF60,195
PUM1,186
PXN,203
QARS,183
QTRT1,218
RAB10,195
RAB11A,185
RAB14,169
RAB4A,225
RAB5C,186
RAB6A,201
RAB7A,207
RABGGTA,226
RABGGTB,185
RAC1,209
RAC3,185
RAD21,203
RAE1,145
RAI14,209
RANBP1,223
RANGAP1,216
RAP1GAP2,203
RAPGEF1,212
RARS,184
RBBP8,180
RBFA,192
RBM10,182
RBM14,237
RBM22,194
RBM26,217
RBM28,232
RBM42,198
RBM5,224
RBMXL1,198
RBPJ,224
RCL1,219
REST,210
REV3L,185
RFWD3,212
RGP1,182
RGPD8,203
RHOA,197
RHOF,205
RHOG,202
RHOQ,198
RICTOR,184
RIOK2,170
RNF11,219
RNF146,186
RNF20,229
RNF41,195
RPA2,169
RPF2,194
RPL15,191
RPL18,172
RPL23,165
RPL26,227
RPL27A,156
RPL30,190
RPL32,199
RPL34,107
RPL35,178
RPL37A,150
RPL41,181
RPL5,192
RPL9,131
RPLP1,162
RPLP2,130
RPRD1A,226
RPS10,189
RPS14,205
RPS16,179
RPS19BP1,201
RPS25,169
RPS27A,179
RPS28,179
RPS29,168
RPS3A,155
RPS4X,142
RPS5,193
RPS6,125
RPS6KA4,217
RPS8,143
RPS9,225
RPSA,187
RPTOR,160
RRM1,156
RRN3,154
RRP7A,193
RRS1,145
RSL24D1,193
RTTN,227
RXRA,211
S100B,217
SACM1L,193
SALL3,195
SAMM50,176
SARS,194
SCAF4,204
SCAF8,206
SCAP,195
SCN10A,192
SCN8A,183
SCYL1,186
SDC1,224
SEC16A,189
SEC22A,191
SEC22C,190
SEC23B,220
SEC23IP,205
SEC24A,188
SEC61A1,188
SEC61B,190
SEC61G,221
SEC63,157
SEL1L,192
SERINC3,240
SETD1B,191
SF3B3,163
SF3B5,194
SH3GL1,177
SH3KBP1,201
SIGLEC14,212
SKA3,170
SKAP1,195
SKP2,160
SLC25A24,211
SLC2A1,223
SLC2A8,206
SLC35B1,185
SLC35B2,204
SLC35C1,175
SLC38A2,216
SLC38A6,184
SLC39A7,202
SLC39A9,190
SLC4A1,254
SLC5A3,232
SLU7,223
SMARCC1,201
SMARCD1,225
SMC1A,172
SMC2,239
SMC3,201
SMU1,186
SNAPC2,194
SNRNP200,185
SNRNP40,188
SNRNP70,228
SNRPB2,184
SNRPC,197
SNRPD1,174
SNRPD2,189
SNRPD3,193
SNRPG,139
SNX32,199
SOCS1,195
SON,209
SPATA31A3,183
SPATA31A5,188
SPCS2,200
SPCS3,225
SPEN,200
SPHK2,226
SPRR2A,228
SPRR2B,241
SRP19,237
SRP54,249
SRP68,237
SRP72,199
SRPRA,199
SRPRB,226
SRSF3,190
SRSF7,170
SRSF8,350
SSBP3,194
SSX2IP,231
STAT5B,170
STK40,184
STMN1,213
STT3A,245
STT3B,213
STX5,199
STX8,191
STXBP1,213
STXBP3,213
SUV39H1,203
SYPL2,194
SYVN1,215
TAB2,184
TAF12,149
TAF1B,239
TAF6,184
TARDBP,200
TARS,187
TAS2R40,158
TBC1D3B,173
TBC1D3G,172
TBL3,264
TBP,208
TBPL1,181
TCP1,180
TEFM,219
TELO2,230
TERF1,211
TERF2,171
TERF2IP,242
TFIP11,207
TGFBR1,233
THG1L,204
THOC3,246
THOC7,204
THRA,221
TICAM1,158
TIMELESS,181
TIMM17B,225
TIMM23,157
TIMM44,174
TIPARP,194
TIPIN,212
TLR2,207
TLR3,197
TM2D2,183
TM7SF3,194
TMA16,191
TMED10,214
TMED2,199
TMED4,196
TMEM167A,200
TMEM63B,255
TMOD4,197
TMX2,218
TNFRSF1A,259
TNRC6A,192
TOMM20,190
TONSL,179
TOR2A,207
TPT1,183
TRAPPC11,232
TRAPPC2L,168
TRAPPC4,181
TRIM33,222
TRIM43,190
TRPC1,221
TSC1,237
TSC2,242
TSEN2,182
TSPAN31,166
TSR1,142
TSR2,166
TTI1,256
TTI2,223
TTN,199
TUBA1A,210
TUBB8,200
TUBGCP6,203
TWF1,198
TWSG1,206
TYK2,192
UBA52,214
UBAP2L,198
UBC,204
UBE2D3,198
UBE2M,192
UBE2N,218
UBN1,230
UBR4,173
UFL1,203
UFM1,202
UFSP2,214
UGT3A2,219
UHRF1,226
UQCC2,200
URB2,237
URM1,189
USH1G,177
USP10,179
USP14,211
USP17L12,218
USP17L5,192
USP18,225
USP36,194
USP39,175
UTP14A,221
VAMP2,199
VAMP4,156
VARS2,247
VMP1,185
VPS25,157
VPS26A,225
VPS29,198
VTI1A,211
VTI1B,185
VWA7,239
WASL,261
WBP4,223
WDR12,184
WDR36,172
WDR73,226
WRB,209
XAB2,222
XPO1,169
XPR1,181
XRN1,201
YAE1,189
YIPF5,239
ZBED2,202
ZBTB39,225
ZBTB7B,186
ZC3H4,231
ZCCHC9,231
ZFP69B,197
ZFR,152
ZMYM3,179
ZNF131,213
ZNF219,210
ZNF496,242
ZNF574,168
ZNF593,221
ZNF638,188
ZNF704,194
ZNRD1,171
ZRSR2,213
ZZZ3,193
