panel,block,display_row,run_state,reporter_slug,method_id,metric
a,1,1,checkpoint_average,stress_granule_g3bp1,ridge,
a,1,1,checkpoint_average,stress_granule_g3bp1,gbdt,
a,1,1,checkpoint_average,stress_granule_g3bp1,catboost_multirmse,
a,1,1,checkpoint_average,stress_granule_g3bp1,mlp,
a,1,1,checkpoint_average,stress_granule_g3bp1,tabm_specialists,
a,1,1,checkpoint_average,stress_granule_g3bp1,scbutterfly_ops_b,
a,1,1,checkpoint_average,stress_granule_g3bp1,resmlp_52head,
a,1,1,checkpoint_average,stress_granule_g3bp1,multitab_pilot,
a,1,1,checkpoint_average,stress_granule_g3bp1,midas_ops,
a,1,1,checkpoint_average,stress_granule_g3bp1,scpair_ops,
a,1,1,checkpoint_average,stress_granule_g3bp1,coherent_median_ensemble,
a,1,2,checkpoint_average,lysosome_lysotracker_live-cell_dye,ridge,
a,1,2,checkpoint_average,lysosome_lysotracker_live-cell_dye,gbdt,
a,1,2,checkpoint_average,lysosome_lysotracker_live-cell_dye,catboost_multirmse,
a,1,2,checkpoint_average,lysosome_lysotracker_live-cell_dye,mlp,
a,1,2,checkpoint_average,lysosome_lysotracker_live-cell_dye,tabm_specialists,
a,1,2,checkpoint_average,lysosome_lysotracker_live-cell_dye,scbutterfly_ops_b,
a,1,2,checkpoint_average,lysosome_lysotracker_live-cell_dye,resmlp_52head,
a,1,2,checkpoint_average,lysosome_lysotracker_live-cell_dye,multitab_pilot,
a,1,2,checkpoint_average,lysosome_lysotracker_live-cell_dye,midas_ops,
a,1,2,checkpoint_average,lysosome_lysotracker_live-cell_dye,scpair_ops,
a,1,2,checkpoint_average,lysosome_lysotracker_live-cell_dye,coherent_median_ensemble,
a,1,3,checkpoint_average,er_golgi_cop-ii_sec23a,ridge,
a,1,3,checkpoint_average,er_golgi_cop-ii_sec23a,gbdt,
a,1,3,checkpoint_average,er_golgi_cop-ii_sec23a,catboost_multirmse,
a,1,3,checkpoint_average,er_golgi_cop-ii_sec23a,mlp,
a,1,3,checkpoint_average,er_golgi_cop-ii_sec23a,tabm_specialists,
a,1,3,checkpoint_average,er_golgi_cop-ii_sec23a,scbutterfly_ops_b,
a,1,3,checkpoint_average,er_golgi_cop-ii_sec23a,resmlp_52head,
a,1,3,checkpoint_average,er_golgi_cop-ii_sec23a,multitab_pilot,
a,1,3,checkpoint_average,er_golgi_cop-ii_sec23a,midas_ops,
a,1,3,checkpoint_average,er_golgi_cop-ii_sec23a,scpair_ops,
a,1,3,checkpoint_average,er_golgi_cop-ii_sec23a,coherent_median_ensemble,
a,1,4,checkpoint_average,early_endosome_eea1,ridge,
a,1,4,checkpoint_average,early_endosome_eea1,gbdt,
a,1,4,checkpoint_average,early_endosome_eea1,catboost_multirmse,
a,1,4,checkpoint_average,early_endosome_eea1,mlp,
a,1,4,checkpoint_average,early_endosome_eea1,tabm_specialists,
a,1,4,checkpoint_average,early_endosome_eea1,scbutterfly_ops_b,
a,1,4,checkpoint_average,early_endosome_eea1,resmlp_52head,
a,1,4,checkpoint_average,early_endosome_eea1,multitab_pilot,
a,1,4,checkpoint_average,early_endosome_eea1,midas_ops,
a,1,4,checkpoint_average,early_endosome_eea1,scpair_ops,
a,1,4,checkpoint_average,early_endosome_eea1,coherent_median_ensemble,
a,1,5,checkpoint_average,lipid_droplet_bodipy_live_cell_dye,ridge,
a,1,5,checkpoint_average,lipid_droplet_bodipy_live_cell_dye,gbdt,
a,1,5,checkpoint_average,lipid_droplet_bodipy_live_cell_dye,catboost_multirmse,
a,1,5,checkpoint_average,lipid_droplet_bodipy_live_cell_dye,mlp,
a,1,5,checkpoint_average,lipid_droplet_bodipy_live_cell_dye,tabm_specialists,
a,1,5,checkpoint_average,lipid_droplet_bodipy_live_cell_dye,scbutterfly_ops_b,
a,1,5,checkpoint_average,lipid_droplet_bodipy_live_cell_dye,resmlp_52head,
a,1,5,checkpoint_average,lipid_droplet_bodipy_live_cell_dye,multitab_pilot,
a,1,5,checkpoint_average,lipid_droplet_bodipy_live_cell_dye,midas_ops,
a,1,5,checkpoint_average,lipid_droplet_bodipy_live_cell_dye,scpair_ops,
a,1,5,checkpoint_average,lipid_droplet_bodipy_live_cell_dye,coherent_median_ensemble,
a,1,6,checkpoint_average,late_endosome_rab7a,ridge,
a,1,6,checkpoint_average,late_endosome_rab7a,gbdt,
a,1,6,checkpoint_average,late_endosome_rab7a,catboost_multirmse,
a,1,6,checkpoint_average,late_endosome_rab7a,mlp,
a,1,6,checkpoint_average,late_endosome_rab7a,tabm_specialists,
a,1,6,checkpoint_average,late_endosome_rab7a,scbutterfly_ops_b,
a,1,6,checkpoint_average,late_endosome_rab7a,resmlp_52head,
a,1,6,checkpoint_average,late_endosome_rab7a,multitab_pilot,
a,1,6,checkpoint_average,late_endosome_rab7a,midas_ops,
a,1,6,checkpoint_average,late_endosome_rab7a,scpair_ops,
a,1,6,checkpoint_average,late_endosome_rab7a,coherent_median_ensemble,
a,1,7,checkpoint_average,actin_filament_fastact_spy555_live_cell_dye,ridge,
a,1,7,checkpoint_average,actin_filament_fastact_spy555_live_cell_dye,gbdt,
a,1,7,checkpoint_average,actin_filament_fastact_spy555_live_cell_dye,catboost_multirmse,
a,1,7,checkpoint_average,actin_filament_fastact_spy555_live_cell_dye,mlp,
a,1,7,checkpoint_average,actin_filament_fastact_spy555_live_cell_dye,tabm_specialists,
a,1,7,checkpoint_average,actin_filament_fastact_spy555_live_cell_dye,scbutterfly_ops_b,
a,1,7,checkpoint_average,actin_filament_fastact_spy555_live_cell_dye,resmlp_52head,
a,1,7,checkpoint_average,actin_filament_fastact_spy555_live_cell_dye,multitab_pilot,
a,1,7,checkpoint_average,actin_filament_fastact_spy555_live_cell_dye,midas_ops,
a,1,7,checkpoint_average,actin_filament_fastact_spy555_live_cell_dye,scpair_ops,
a,1,7,checkpoint_average,actin_filament_fastact_spy555_live_cell_dye,coherent_median_ensemble,
a,1,8,checkpoint_average,plasma_membrane_slc3a2,ridge,
a,1,8,checkpoint_average,plasma_membrane_slc3a2,gbdt,
a,1,8,checkpoint_average,plasma_membrane_slc3a2,catboost_multirmse,
a,1,8,checkpoint_average,plasma_membrane_slc3a2,mlp,
a,1,8,checkpoint_average,plasma_membrane_slc3a2,tabm_specialists,
a,1,8,checkpoint_average,plasma_membrane_slc3a2,scbutterfly_ops_b,
a,1,8,checkpoint_average,plasma_membrane_slc3a2,resmlp_52head,
a,1,8,checkpoint_average,plasma_membrane_slc3a2,multitab_pilot,
a,1,8,checkpoint_average,plasma_membrane_slc3a2,midas_ops,
a,1,8,checkpoint_average,plasma_membrane_slc3a2,scpair_ops,
a,1,8,checkpoint_average,plasma_membrane_slc3a2,coherent_median_ensemble,
a,1,9,checkpoint_average,clathrin_vesicles_clta,ridge,
a,1,9,checkpoint_average,clathrin_vesicles_clta,gbdt,
a,1,9,checkpoint_average,clathrin_vesicles_clta,catboost_multirmse,
a,1,9,checkpoint_average,clathrin_vesicles_clta,mlp,
a,1,9,checkpoint_average,clathrin_vesicles_clta,tabm_specialists,
a,1,9,checkpoint_average,clathrin_vesicles_clta,scbutterfly_ops_b,
a,1,9,checkpoint_average,clathrin_vesicles_clta,resmlp_52head,
a,1,9,checkpoint_average,clathrin_vesicles_clta,multitab_pilot,
a,1,9,checkpoint_average,clathrin_vesicles_clta,midas_ops,
a,1,9,checkpoint_average,clathrin_vesicles_clta,scpair_ops,
a,1,9,checkpoint_average,clathrin_vesicles_clta,coherent_median_ensemble,
a,1,10,checkpoint_average,autophagosome_map1lc3b,ridge,
a,1,10,checkpoint_average,autophagosome_map1lc3b,gbdt,
a,1,10,checkpoint_average,autophagosome_map1lc3b,catboost_multirmse,
a,1,10,checkpoint_average,autophagosome_map1lc3b,mlp,
a,1,10,checkpoint_average,autophagosome_map1lc3b,tabm_specialists,
a,1,10,checkpoint_average,autophagosome_map1lc3b,scbutterfly_ops_b,
a,1,10,checkpoint_average,autophagosome_map1lc3b,resmlp_52head,
a,1,10,checkpoint_average,autophagosome_map1lc3b,multitab_pilot,
a,1,10,checkpoint_average,autophagosome_map1lc3b,midas_ops,
a,1,10,checkpoint_average,autophagosome_map1lc3b,scpair_ops,
a,1,10,checkpoint_average,autophagosome_map1lc3b,coherent_median_ensemble,
a,1,11,checkpoint_average,fe2+_ferhonox_live-cell_dye,ridge,
a,1,11,checkpoint_average,fe2+_ferhonox_live-cell_dye,gbdt,
a,1,11,checkpoint_average,fe2+_ferhonox_live-cell_dye,catboost_multirmse,
a,1,11,checkpoint_average,fe2+_ferhonox_live-cell_dye,mlp,
a,1,11,checkpoint_average,fe2+_ferhonox_live-cell_dye,tabm_specialists,
a,1,11,checkpoint_average,fe2+_ferhonox_live-cell_dye,scbutterfly_ops_b,
a,1,11,checkpoint_average,fe2+_ferhonox_live-cell_dye,resmlp_52head,
a,1,11,checkpoint_average,fe2+_ferhonox_live-cell_dye,multitab_pilot,
a,1,11,checkpoint_average,fe2+_ferhonox_live-cell_dye,midas_ops,
a,1,11,checkpoint_average,fe2+_ferhonox_live-cell_dye,scpair_ops,
a,1,11,checkpoint_average,fe2+_ferhonox_live-cell_dye,coherent_median_ensemble,
a,1,12,checkpoint_average,recycling_endosome_tfrc,ridge,
a,1,12,checkpoint_average,recycling_endosome_tfrc,gbdt,
a,1,12,checkpoint_average,recycling_endosome_tfrc,catboost_multirmse,
a,1,12,checkpoint_average,recycling_endosome_tfrc,mlp,
a,1,12,checkpoint_average,recycling_endosome_tfrc,tabm_specialists,
a,1,12,checkpoint_average,recycling_endosome_tfrc,scbutterfly_ops_b,
a,1,12,checkpoint_average,recycling_endosome_tfrc,resmlp_52head,
a,1,12,checkpoint_average,recycling_endosome_tfrc,multitab_pilot,
a,1,12,checkpoint_average,recycling_endosome_tfrc,midas_ops,
a,1,12,checkpoint_average,recycling_endosome_tfrc,scpair_ops,
a,1,12,checkpoint_average,recycling_endosome_tfrc,coherent_median_ensemble,
a,1,13,checkpoint_average,er_golgi_cope,ridge,
a,1,13,checkpoint_average,er_golgi_cope,gbdt,
a,1,13,checkpoint_average,er_golgi_cope,catboost_multirmse,
a,1,13,checkpoint_average,er_golgi_cope,mlp,
a,1,13,checkpoint_average,er_golgi_cope,tabm_specialists,
a,1,13,checkpoint_average,er_golgi_cope,scbutterfly_ops_b,
a,1,13,checkpoint_average,er_golgi_cope,resmlp_52head,
a,1,13,checkpoint_average,er_golgi_cope,multitab_pilot,
a,1,13,checkpoint_average,er_golgi_cope,midas_ops,
a,1,13,checkpoint_average,er_golgi_cope,scpair_ops,
a,1,13,checkpoint_average,er_golgi_cope,coherent_median_ensemble,
a,1,14,checkpoint_average,chaperones_hspa1b,ridge,
a,1,14,checkpoint_average,chaperones_hspa1b,gbdt,
a,1,14,checkpoint_average,chaperones_hspa1b,catboost_multirmse,
a,1,14,checkpoint_average,chaperones_hspa1b,mlp,
a,1,14,checkpoint_average,chaperones_hspa1b,tabm_specialists,
a,1,14,checkpoint_average,chaperones_hspa1b,scbutterfly_ops_b,
a,1,14,checkpoint_average,chaperones_hspa1b,resmlp_52head,
a,1,14,checkpoint_average,chaperones_hspa1b,multitab_pilot,
a,1,14,checkpoint_average,chaperones_hspa1b,midas_ops,
a,1,14,checkpoint_average,chaperones_hspa1b,scpair_ops,
a,1,14,checkpoint_average,chaperones_hspa1b,coherent_median_ensemble,
a,1,15,checkpoint_average,nucleolus-gc_npm3,ridge,
a,1,15,checkpoint_average,nucleolus-gc_npm3,gbdt,
a,1,15,checkpoint_average,nucleolus-gc_npm3,catboost_multirmse,
a,1,15,checkpoint_average,nucleolus-gc_npm3,mlp,
a,1,15,checkpoint_average,nucleolus-gc_npm3,tabm_specialists,
a,1,15,checkpoint_average,nucleolus-gc_npm3,scbutterfly_ops_b,
a,1,15,checkpoint_average,nucleolus-gc_npm3,resmlp_52head,
a,1,15,checkpoint_average,nucleolus-gc_npm3,multitab_pilot,
a,1,15,checkpoint_average,nucleolus-gc_npm3,midas_ops,
a,1,15,checkpoint_average,nucleolus-gc_npm3,scpair_ops,
a,1,15,checkpoint_average,nucleolus-gc_npm3,coherent_median_ensemble,
a,1,16,checkpoint_average,nuclei_nucleolive_live_cell_dye,ridge,
a,1,16,checkpoint_average,nuclei_nucleolive_live_cell_dye,gbdt,
a,1,16,checkpoint_average,nuclei_nucleolive_live_cell_dye,catboost_multirmse,
a,1,16,checkpoint_average,nuclei_nucleolive_live_cell_dye,mlp,
a,1,16,checkpoint_average,nuclei_nucleolive_live_cell_dye,tabm_specialists,
a,1,16,checkpoint_average,nuclei_nucleolive_live_cell_dye,scbutterfly_ops_b,
a,1,16,checkpoint_average,nuclei_nucleolive_live_cell_dye,resmlp_52head,
a,1,16,checkpoint_average,nuclei_nucleolive_live_cell_dye,multitab_pilot,
a,1,16,checkpoint_average,nuclei_nucleolive_live_cell_dye,midas_ops,
a,1,16,checkpoint_average,nuclei_nucleolive_live_cell_dye,scpair_ops,
a,1,16,checkpoint_average,nuclei_nucleolive_live_cell_dye,coherent_median_ensemble,
a,1,17,checkpoint_average,endosome_vps35,ridge,
a,1,17,checkpoint_average,endosome_vps35,gbdt,
a,1,17,checkpoint_average,endosome_vps35,catboost_multirmse,
a,1,17,checkpoint_average,endosome_vps35,mlp,
a,1,17,checkpoint_average,endosome_vps35,tabm_specialists,
a,1,17,checkpoint_average,endosome_vps35,scbutterfly_ops_b,
a,1,17,checkpoint_average,endosome_vps35,resmlp_52head,
a,1,17,checkpoint_average,endosome_vps35,multitab_pilot,
a,1,17,checkpoint_average,endosome_vps35,midas_ops,
a,1,17,checkpoint_average,endosome_vps35,scpair_ops,
a,1,17,checkpoint_average,endosome_vps35,coherent_median_ensemble,
a,1,18,checkpoint_average,er_sec61b,ridge,
a,1,18,checkpoint_average,er_sec61b,gbdt,
a,1,18,checkpoint_average,er_sec61b,catboost_multirmse,
a,1,18,checkpoint_average,er_sec61b,mlp,
a,1,18,checkpoint_average,er_sec61b,tabm_specialists,
a,1,18,checkpoint_average,er_sec61b,scbutterfly_ops_b,
a,1,18,checkpoint_average,er_sec61b,resmlp_52head,
a,1,18,checkpoint_average,er_sec61b,multitab_pilot,
a,1,18,checkpoint_average,er_sec61b,midas_ops,
a,1,18,checkpoint_average,er_sec61b,scpair_ops,
a,1,18,checkpoint_average,er_sec61b,coherent_median_ensemble,
a,1,19,checkpoint_average,er_golgi_bridge_vapa,ridge,
a,1,19,checkpoint_average,er_golgi_bridge_vapa,gbdt,
a,1,19,checkpoint_average,er_golgi_bridge_vapa,catboost_multirmse,
a,1,19,checkpoint_average,er_golgi_bridge_vapa,mlp,
a,1,19,checkpoint_average,er_golgi_bridge_vapa,tabm_specialists,
a,1,19,checkpoint_average,er_golgi_bridge_vapa,scbutterfly_ops_b,
a,1,19,checkpoint_average,er_golgi_bridge_vapa,resmlp_52head,
a,1,19,checkpoint_average,er_golgi_bridge_vapa,multitab_pilot,
a,1,19,checkpoint_average,er_golgi_bridge_vapa,midas_ops,
a,1,19,checkpoint_average,er_golgi_bridge_vapa,scpair_ops,
a,1,19,checkpoint_average,er_golgi_bridge_vapa,coherent_median_ensemble,
a,1,20,checkpoint_average,mitochondria_chromalive_561_excitation,ridge,
a,1,20,checkpoint_average,mitochondria_chromalive_561_excitation,gbdt,
a,1,20,checkpoint_average,mitochondria_chromalive_561_excitation,catboost_multirmse,
a,1,20,checkpoint_average,mitochondria_chromalive_561_excitation,mlp,
a,1,20,checkpoint_average,mitochondria_chromalive_561_excitation,tabm_specialists,
a,1,20,checkpoint_average,mitochondria_chromalive_561_excitation,scbutterfly_ops_b,
a,1,20,checkpoint_average,mitochondria_chromalive_561_excitation,resmlp_52head,
a,1,20,checkpoint_average,mitochondria_chromalive_561_excitation,multitab_pilot,
a,1,20,checkpoint_average,mitochondria_chromalive_561_excitation,midas_ops,
a,1,20,checkpoint_average,mitochondria_chromalive_561_excitation,scpair_ops,
a,1,20,checkpoint_average,mitochondria_chromalive_561_excitation,coherent_median_ensemble,
a,1,21,checkpoint_average,peroxisome_peroxi_spy650_live_cell_dye,ridge,
a,1,21,checkpoint_average,peroxisome_peroxi_spy650_live_cell_dye,gbdt,
a,1,21,checkpoint_average,peroxisome_peroxi_spy650_live_cell_dye,catboost_multirmse,
a,1,21,checkpoint_average,peroxisome_peroxi_spy650_live_cell_dye,mlp,
a,1,21,checkpoint_average,peroxisome_peroxi_spy650_live_cell_dye,tabm_specialists,
a,1,21,checkpoint_average,peroxisome_peroxi_spy650_live_cell_dye,scbutterfly_ops_b,
a,1,21,checkpoint_average,peroxisome_peroxi_spy650_live_cell_dye,resmlp_52head,
a,1,21,checkpoint_average,peroxisome_peroxi_spy650_live_cell_dye,multitab_pilot,
a,1,21,checkpoint_average,peroxisome_peroxi_spy650_live_cell_dye,midas_ops,
a,1,21,checkpoint_average,peroxisome_peroxi_spy650_live_cell_dye,scpair_ops,
a,1,21,checkpoint_average,peroxisome_peroxi_spy650_live_cell_dye,coherent_median_ensemble,
a,1,22,checkpoint_average,chromalive_488_excitation,ridge,
a,1,22,checkpoint_average,chromalive_488_excitation,gbdt,
a,1,22,checkpoint_average,chromalive_488_excitation,catboost_multirmse,
a,1,22,checkpoint_average,chromalive_488_excitation,mlp,
a,1,22,checkpoint_average,chromalive_488_excitation,tabm_specialists,
a,1,22,checkpoint_average,chromalive_488_excitation,scbutterfly_ops_b,
a,1,22,checkpoint_average,chromalive_488_excitation,resmlp_52head,
a,1,22,checkpoint_average,chromalive_488_excitation,multitab_pilot,
a,1,22,checkpoint_average,chromalive_488_excitation,midas_ops,
a,1,22,checkpoint_average,chromalive_488_excitation,scpair_ops,
a,1,22,checkpoint_average,chromalive_488_excitation,coherent_median_ensemble,
a,1,23,checkpoint_average,chromatin_h2bc21,ridge,
a,1,23,checkpoint_average,chromatin_h2bc21,gbdt,
a,1,23,checkpoint_average,chromatin_h2bc21,catboost_multirmse,
a,1,23,checkpoint_average,chromatin_h2bc21,mlp,
a,1,23,checkpoint_average,chromatin_h2bc21,tabm_specialists,
a,1,23,checkpoint_average,chromatin_h2bc21,scbutterfly_ops_b,
a,1,23,checkpoint_average,chromatin_h2bc21,resmlp_52head,
a,1,23,checkpoint_average,chromatin_h2bc21,multitab_pilot,
a,1,23,checkpoint_average,chromatin_h2bc21,midas_ops,
a,1,23,checkpoint_average,chromatin_h2bc21,scpair_ops,
a,1,23,checkpoint_average,chromatin_h2bc21,coherent_median_ensemble,
a,1,24,checkpoint_average,plasma_membrane_atp1b3,ridge,
a,1,24,checkpoint_average,plasma_membrane_atp1b3,gbdt,
a,1,24,checkpoint_average,plasma_membrane_atp1b3,catboost_multirmse,
a,1,24,checkpoint_average,plasma_membrane_atp1b3,mlp,
a,1,24,checkpoint_average,plasma_membrane_atp1b3,tabm_specialists,
a,1,24,checkpoint_average,plasma_membrane_atp1b3,scbutterfly_ops_b,
a,1,24,checkpoint_average,plasma_membrane_atp1b3,resmlp_52head,
a,1,24,checkpoint_average,plasma_membrane_atp1b3,multitab_pilot,
a,1,24,checkpoint_average,plasma_membrane_atp1b3,midas_ops,
a,1,24,checkpoint_average,plasma_membrane_atp1b3,scpair_ops,
a,1,24,checkpoint_average,plasma_membrane_atp1b3,coherent_median_ensemble,
a,1,25,checkpoint_average,endocytic_vesicle_ph_phrodo-dextran_live_cell_dye,ridge,
a,1,25,checkpoint_average,endocytic_vesicle_ph_phrodo-dextran_live_cell_dye,gbdt,
a,1,25,checkpoint_average,endocytic_vesicle_ph_phrodo-dextran_live_cell_dye,catboost_multirmse,
a,1,25,checkpoint_average,endocytic_vesicle_ph_phrodo-dextran_live_cell_dye,mlp,
a,1,25,checkpoint_average,endocytic_vesicle_ph_phrodo-dextran_live_cell_dye,tabm_specialists,
a,1,25,checkpoint_average,endocytic_vesicle_ph_phrodo-dextran_live_cell_dye,scbutterfly_ops_b,
a,1,25,checkpoint_average,endocytic_vesicle_ph_phrodo-dextran_live_cell_dye,resmlp_52head,
a,1,25,checkpoint_average,endocytic_vesicle_ph_phrodo-dextran_live_cell_dye,multitab_pilot,
a,1,25,checkpoint_average,endocytic_vesicle_ph_phrodo-dextran_live_cell_dye,midas_ops,
a,1,25,checkpoint_average,endocytic_vesicle_ph_phrodo-dextran_live_cell_dye,scpair_ops,
a,1,25,checkpoint_average,endocytic_vesicle_ph_phrodo-dextran_live_cell_dye,coherent_median_ensemble,
a,1,26,checkpoint_average,5xupre,ridge,
a,1,26,checkpoint_average,5xupre,gbdt,
a,1,26,checkpoint_average,5xupre,catboost_multirmse,
a,1,26,checkpoint_average,5xupre,mlp,
a,1,26,checkpoint_average,5xupre,tabm_specialists,
a,1,26,checkpoint_average,5xupre,scbutterfly_ops_b,
a,1,26,checkpoint_average,5xupre,resmlp_52head,
a,1,26,checkpoint_average,5xupre,multitab_pilot,
a,1,26,checkpoint_average,5xupre,midas_ops,
a,1,26,checkpoint_average,5xupre,scpair_ops,
a,1,26,checkpoint_average,5xupre,coherent_median_ensemble,
a,2,1,checkpoint_average,f-actin_phalloidin,ridge,
a,2,1,checkpoint_average,f-actin_phalloidin,gbdt,
a,2,1,checkpoint_average,f-actin_phalloidin,catboost_multirmse,
a,2,1,checkpoint_average,f-actin_phalloidin,mlp,
a,2,1,checkpoint_average,f-actin_phalloidin,tabm_specialists,
a,2,1,checkpoint_average,f-actin_phalloidin,scbutterfly_ops_b,
a,2,1,checkpoint_average,f-actin_phalloidin,resmlp_52head,
a,2,1,checkpoint_average,f-actin_phalloidin,multitab_pilot,
a,2,1,checkpoint_average,f-actin_phalloidin,midas_ops,
a,2,1,checkpoint_average,f-actin_phalloidin,scpair_ops,
a,2,1,checkpoint_average,f-actin_phalloidin,coherent_median_ensemble,
a,2,2,checkpoint_average,mitochondria_tomm70a,ridge,
a,2,2,checkpoint_average,mitochondria_tomm70a,gbdt,
a,2,2,checkpoint_average,mitochondria_tomm70a,catboost_multirmse,
a,2,2,checkpoint_average,mitochondria_tomm70a,mlp,
a,2,2,checkpoint_average,mitochondria_tomm70a,tabm_specialists,
a,2,2,checkpoint_average,mitochondria_tomm70a,scbutterfly_ops_b,
a,2,2,checkpoint_average,mitochondria_tomm70a,resmlp_52head,
a,2,2,checkpoint_average,mitochondria_tomm70a,multitab_pilot,
a,2,2,checkpoint_average,mitochondria_tomm70a,midas_ops,
a,2,2,checkpoint_average,mitochondria_tomm70a,scpair_ops,
a,2,2,checkpoint_average,mitochondria_tomm70a,coherent_median_ensemble,
a,2,3,checkpoint_average,lysosome_lamp1,ridge,
a,2,3,checkpoint_average,lysosome_lamp1,gbdt,
a,2,3,checkpoint_average,lysosome_lamp1,catboost_multirmse,
a,2,3,checkpoint_average,lysosome_lamp1,mlp,
a,2,3,checkpoint_average,lysosome_lamp1,tabm_specialists,
a,2,3,checkpoint_average,lysosome_lamp1,scbutterfly_ops_b,
a,2,3,checkpoint_average,lysosome_lamp1,resmlp_52head,
a,2,3,checkpoint_average,lysosome_lamp1,multitab_pilot,
a,2,3,checkpoint_average,lysosome_lamp1,midas_ops,
a,2,3,checkpoint_average,lysosome_lamp1,scpair_ops,
a,2,3,checkpoint_average,lysosome_lamp1,coherent_median_ensemble,
a,2,4,checkpoint_average,autophagosome_atg101,ridge,
a,2,4,checkpoint_average,autophagosome_atg101,gbdt,
a,2,4,checkpoint_average,autophagosome_atg101,catboost_multirmse,
a,2,4,checkpoint_average,autophagosome_atg101,mlp,
a,2,4,checkpoint_average,autophagosome_atg101,tabm_specialists,
a,2,4,checkpoint_average,autophagosome_atg101,scbutterfly_ops_b,
a,2,4,checkpoint_average,autophagosome_atg101,resmlp_52head,
a,2,4,checkpoint_average,autophagosome_atg101,multitab_pilot,
a,2,4,checkpoint_average,autophagosome_atg101,midas_ops,
a,2,4,checkpoint_average,autophagosome_atg101,scpair_ops,
a,2,4,checkpoint_average,autophagosome_atg101,coherent_median_ensemble,
a,2,5,checkpoint_average,nuclear_speckles_srrm2,ridge,
a,2,5,checkpoint_average,nuclear_speckles_srrm2,gbdt,
a,2,5,checkpoint_average,nuclear_speckles_srrm2,catboost_multirmse,
a,2,5,checkpoint_average,nuclear_speckles_srrm2,mlp,
a,2,5,checkpoint_average,nuclear_speckles_srrm2,tabm_specialists,
a,2,5,checkpoint_average,nuclear_speckles_srrm2,scbutterfly_ops_b,
a,2,5,checkpoint_average,nuclear_speckles_srrm2,resmlp_52head,
a,2,5,checkpoint_average,nuclear_speckles_srrm2,multitab_pilot,
a,2,5,checkpoint_average,nuclear_speckles_srrm2,midas_ops,
a,2,5,checkpoint_average,nuclear_speckles_srrm2,scpair_ops,
a,2,5,checkpoint_average,nuclear_speckles_srrm2,coherent_median_ensemble,
a,2,6,checkpoint_average,proteasome_psmb7,ridge,
a,2,6,checkpoint_average,proteasome_psmb7,gbdt,
a,2,6,checkpoint_average,proteasome_psmb7,catboost_multirmse,
a,2,6,checkpoint_average,proteasome_psmb7,mlp,
a,2,6,checkpoint_average,proteasome_psmb7,tabm_specialists,
a,2,6,checkpoint_average,proteasome_psmb7,scbutterfly_ops_b,
a,2,6,checkpoint_average,proteasome_psmb7,resmlp_52head,
a,2,6,checkpoint_average,proteasome_psmb7,multitab_pilot,
a,2,6,checkpoint_average,proteasome_psmb7,midas_ops,
a,2,6,checkpoint_average,proteasome_psmb7,scpair_ops,
a,2,6,checkpoint_average,proteasome_psmb7,coherent_median_ensemble,
a,2,7,checkpoint_average,oxidative_stress_cellrox_live-cell_dye,ridge,
a,2,7,checkpoint_average,oxidative_stress_cellrox_live-cell_dye,gbdt,
a,2,7,checkpoint_average,oxidative_stress_cellrox_live-cell_dye,catboost_multirmse,
a,2,7,checkpoint_average,oxidative_stress_cellrox_live-cell_dye,mlp,
a,2,7,checkpoint_average,oxidative_stress_cellrox_live-cell_dye,tabm_specialists,
a,2,7,checkpoint_average,oxidative_stress_cellrox_live-cell_dye,scbutterfly_ops_b,
a,2,7,checkpoint_average,oxidative_stress_cellrox_live-cell_dye,resmlp_52head,
a,2,7,checkpoint_average,oxidative_stress_cellrox_live-cell_dye,multitab_pilot,
a,2,7,checkpoint_average,oxidative_stress_cellrox_live-cell_dye,midas_ops,
a,2,7,checkpoint_average,oxidative_stress_cellrox_live-cell_dye,scpair_ops,
a,2,7,checkpoint_average,oxidative_stress_cellrox_live-cell_dye,coherent_median_ensemble,
a,2,8,checkpoint_average,er_ncln,ridge,
a,2,8,checkpoint_average,er_ncln,gbdt,
a,2,8,checkpoint_average,er_ncln,catboost_multirmse,
a,2,8,checkpoint_average,er_ncln,mlp,
a,2,8,checkpoint_average,er_ncln,tabm_specialists,
a,2,8,checkpoint_average,er_ncln,scbutterfly_ops_b,
a,2,8,checkpoint_average,er_ncln,resmlp_52head,
a,2,8,checkpoint_average,er_ncln,multitab_pilot,
a,2,8,checkpoint_average,er_ncln,midas_ops,
a,2,8,checkpoint_average,er_ncln,scpair_ops,
a,2,8,checkpoint_average,er_ncln,coherent_median_ensemble,
a,2,9,checkpoint_average,trans-golgi_vamp3,ridge,
a,2,9,checkpoint_average,trans-golgi_vamp3,gbdt,
a,2,9,checkpoint_average,trans-golgi_vamp3,catboost_multirmse,
a,2,9,checkpoint_average,trans-golgi_vamp3,mlp,
a,2,9,checkpoint_average,trans-golgi_vamp3,tabm_specialists,
a,2,9,checkpoint_average,trans-golgi_vamp3,scbutterfly_ops_b,
a,2,9,checkpoint_average,trans-golgi_vamp3,resmlp_52head,
a,2,9,checkpoint_average,trans-golgi_vamp3,multitab_pilot,
a,2,9,checkpoint_average,trans-golgi_vamp3,midas_ops,
a,2,9,checkpoint_average,trans-golgi_vamp3,scpair_ops,
a,2,9,checkpoint_average,trans-golgi_vamp3,coherent_median_ensemble,
a,2,10,checkpoint_average,p21,ridge,
a,2,10,checkpoint_average,p21,gbdt,
a,2,10,checkpoint_average,p21,catboost_multirmse,
a,2,10,checkpoint_average,p21,mlp,
a,2,10,checkpoint_average,p21,tabm_specialists,
a,2,10,checkpoint_average,p21,scbutterfly_ops_b,
a,2,10,checkpoint_average,p21,resmlp_52head,
a,2,10,checkpoint_average,p21,multitab_pilot,
a,2,10,checkpoint_average,p21,midas_ops,
a,2,10,checkpoint_average,p21,scpair_ops,
a,2,10,checkpoint_average,p21,coherent_median_ensemble,
a,2,11,checkpoint_average,mitochondria_tomm20,ridge,
a,2,11,checkpoint_average,mitochondria_tomm20,gbdt,
a,2,11,checkpoint_average,mitochondria_tomm20,catboost_multirmse,
a,2,11,checkpoint_average,mitochondria_tomm20,mlp,
a,2,11,checkpoint_average,mitochondria_tomm20,tabm_specialists,
a,2,11,checkpoint_average,mitochondria_tomm20,scbutterfly_ops_b,
a,2,11,checkpoint_average,mitochondria_tomm20,resmlp_52head,
a,2,11,checkpoint_average,mitochondria_tomm20,multitab_pilot,
a,2,11,checkpoint_average,mitochondria_tomm20,midas_ops,
a,2,11,checkpoint_average,mitochondria_tomm20,scpair_ops,
a,2,11,checkpoint_average,mitochondria_tomm20,coherent_median_ensemble,
a,2,12,checkpoint_average,p53,ridge,
a,2,12,checkpoint_average,p53,gbdt,
a,2,12,checkpoint_average,p53,catboost_multirmse,
a,2,12,checkpoint_average,p53,mlp,
a,2,12,checkpoint_average,p53,tabm_specialists,
a,2,12,checkpoint_average,p53,scbutterfly_ops_b,
a,2,12,checkpoint_average,p53,resmlp_52head,
a,2,12,checkpoint_average,p53,multitab_pilot,
a,2,12,checkpoint_average,p53,midas_ops,
a,2,12,checkpoint_average,p53,scpair_ops,
a,2,12,checkpoint_average,p53,coherent_median_ensemble,
a,2,13,checkpoint_average,caspase_activity_cellevent-caspase_live-cell_dye,ridge,
a,2,13,checkpoint_average,caspase_activity_cellevent-caspase_live-cell_dye,gbdt,
a,2,13,checkpoint_average,caspase_activity_cellevent-caspase_live-cell_dye,catboost_multirmse,
a,2,13,checkpoint_average,caspase_activity_cellevent-caspase_live-cell_dye,mlp,
a,2,13,checkpoint_average,caspase_activity_cellevent-caspase_live-cell_dye,tabm_specialists,
a,2,13,checkpoint_average,caspase_activity_cellevent-caspase_live-cell_dye,scbutterfly_ops_b,
a,2,13,checkpoint_average,caspase_activity_cellevent-caspase_live-cell_dye,resmlp_52head,
a,2,13,checkpoint_average,caspase_activity_cellevent-caspase_live-cell_dye,multitab_pilot,
a,2,13,checkpoint_average,caspase_activity_cellevent-caspase_live-cell_dye,midas_ops,
a,2,13,checkpoint_average,caspase_activity_cellevent-caspase_live-cell_dye,scpair_ops,
a,2,13,checkpoint_average,caspase_activity_cellevent-caspase_live-cell_dye,coherent_median_ensemble,
a,2,14,checkpoint_average,ps6,ridge,
a,2,14,checkpoint_average,ps6,gbdt,
a,2,14,checkpoint_average,ps6,catboost_multirmse,
a,2,14,checkpoint_average,ps6,mlp,
a,2,14,checkpoint_average,ps6,tabm_specialists,
a,2,14,checkpoint_average,ps6,scbutterfly_ops_b,
a,2,14,checkpoint_average,ps6,resmlp_52head,
a,2,14,checkpoint_average,ps6,multitab_pilot,
a,2,14,checkpoint_average,ps6,midas_ops,
a,2,14,checkpoint_average,ps6,scpair_ops,
a,2,14,checkpoint_average,ps6,coherent_median_ensemble,
a,2,15,checkpoint_average,prb,ridge,
a,2,15,checkpoint_average,prb,gbdt,
a,2,15,checkpoint_average,prb,catboost_multirmse,
a,2,15,checkpoint_average,prb,mlp,
a,2,15,checkpoint_average,prb,tabm_specialists,
a,2,15,checkpoint_average,prb,scbutterfly_ops_b,
a,2,15,checkpoint_average,prb,resmlp_52head,
a,2,15,checkpoint_average,prb,multitab_pilot,
a,2,15,checkpoint_average,prb,midas_ops,
a,2,15,checkpoint_average,prb,scpair_ops,
a,2,15,checkpoint_average,prb,coherent_median_ensemble,
a,2,16,checkpoint_average,nuclei_hoechst,ridge,
a,2,16,checkpoint_average,nuclei_hoechst,gbdt,
a,2,16,checkpoint_average,nuclei_hoechst,catboost_multirmse,
a,2,16,checkpoint_average,nuclei_hoechst,mlp,
a,2,16,checkpoint_average,nuclei_hoechst,tabm_specialists,
a,2,16,checkpoint_average,nuclei_hoechst,scbutterfly_ops_b,
a,2,16,checkpoint_average,nuclei_hoechst,resmlp_52head,
a,2,16,checkpoint_average,nuclei_hoechst,multitab_pilot,
a,2,16,checkpoint_average,nuclei_hoechst,midas_ops,
a,2,16,checkpoint_average,nuclei_hoechst,scpair_ops,
a,2,16,checkpoint_average,nuclei_hoechst,coherent_median_ensemble,
a,2,17,checkpoint_average,nucleoli_npm1,ridge,
a,2,17,checkpoint_average,nucleoli_npm1,gbdt,
a,2,17,checkpoint_average,nucleoli_npm1,catboost_multirmse,
a,2,17,checkpoint_average,nucleoli_npm1,mlp,
a,2,17,checkpoint_average,nucleoli_npm1,tabm_specialists,
a,2,17,checkpoint_average,nucleoli_npm1,scbutterfly_ops_b,
a,2,17,checkpoint_average,nucleoli_npm1,resmlp_52head,
a,2,17,checkpoint_average,nucleoli_npm1,multitab_pilot,
a,2,17,checkpoint_average,nucleoli_npm1,midas_ops,
a,2,17,checkpoint_average,nucleoli_npm1,scpair_ops,
a,2,17,checkpoint_average,nucleoli_npm1,coherent_median_ensemble,
a,2,18,checkpoint_average,b-catenin,ridge,
a,2,18,checkpoint_average,b-catenin,gbdt,
a,2,18,checkpoint_average,b-catenin,catboost_multirmse,
a,2,18,checkpoint_average,b-catenin,mlp,
a,2,18,checkpoint_average,b-catenin,tabm_specialists,
a,2,18,checkpoint_average,b-catenin,scbutterfly_ops_b,
a,2,18,checkpoint_average,b-catenin,resmlp_52head,
a,2,18,checkpoint_average,b-catenin,multitab_pilot,
a,2,18,checkpoint_average,b-catenin,midas_ops,
a,2,18,checkpoint_average,b-catenin,scpair_ops,
a,2,18,checkpoint_average,b-catenin,coherent_median_ensemble,
a,2,19,checkpoint_average,c-myc,ridge,
a,2,19,checkpoint_average,c-myc,gbdt,
a,2,19,checkpoint_average,c-myc,catboost_multirmse,
a,2,19,checkpoint_average,c-myc,mlp,
a,2,19,checkpoint_average,c-myc,tabm_specialists,
a,2,19,checkpoint_average,c-myc,scbutterfly_ops_b,
a,2,19,checkpoint_average,c-myc,resmlp_52head,
a,2,19,checkpoint_average,c-myc,multitab_pilot,
a,2,19,checkpoint_average,c-myc,midas_ops,
a,2,19,checkpoint_average,c-myc,scpair_ops,
a,2,19,checkpoint_average,c-myc,coherent_median_ensemble,
a,2,20,checkpoint_average,er_cona,ridge,
a,2,20,checkpoint_average,er_cona,gbdt,
a,2,20,checkpoint_average,er_cona,catboost_multirmse,
a,2,20,checkpoint_average,er_cona,mlp,
a,2,20,checkpoint_average,er_cona,tabm_specialists,
a,2,20,checkpoint_average,er_cona,scbutterfly_ops_b,
a,2,20,checkpoint_average,er_cona,resmlp_52head,
a,2,20,checkpoint_average,er_cona,multitab_pilot,
a,2,20,checkpoint_average,er_cona,midas_ops,
a,2,20,checkpoint_average,er_cona,scpair_ops,
a,2,20,checkpoint_average,er_cona,coherent_median_ensemble,
a,2,21,checkpoint_average,microtubules_tubulin,ridge,
a,2,21,checkpoint_average,microtubules_tubulin,gbdt,
a,2,21,checkpoint_average,microtubules_tubulin,catboost_multirmse,
a,2,21,checkpoint_average,microtubules_tubulin,mlp,
a,2,21,checkpoint_average,microtubules_tubulin,tabm_specialists,
a,2,21,checkpoint_average,microtubules_tubulin,scbutterfly_ops_b,
a,2,21,checkpoint_average,microtubules_tubulin,resmlp_52head,
a,2,21,checkpoint_average,microtubules_tubulin,multitab_pilot,
a,2,21,checkpoint_average,microtubules_tubulin,midas_ops,
a,2,21,checkpoint_average,microtubules_tubulin,scpair_ops,
a,2,21,checkpoint_average,microtubules_tubulin,coherent_median_ensemble,
a,2,22,checkpoint_average,nucleolus-dfc_fbl,ridge,
a,2,22,checkpoint_average,nucleolus-dfc_fbl,gbdt,
a,2,22,checkpoint_average,nucleolus-dfc_fbl,catboost_multirmse,
a,2,22,checkpoint_average,nucleolus-dfc_fbl,mlp,
a,2,22,checkpoint_average,nucleolus-dfc_fbl,tabm_specialists,
a,2,22,checkpoint_average,nucleolus-dfc_fbl,scbutterfly_ops_b,
a,2,22,checkpoint_average,nucleolus-dfc_fbl,resmlp_52head,
a,2,22,checkpoint_average,nucleolus-dfc_fbl,multitab_pilot,
a,2,22,checkpoint_average,nucleolus-dfc_fbl,midas_ops,
a,2,22,checkpoint_average,nucleolus-dfc_fbl,scpair_ops,
a,2,22,checkpoint_average,nucleolus-dfc_fbl,coherent_median_ensemble,
a,2,23,checkpoint_average,plasma_membrane_wga,ridge,
a,2,23,checkpoint_average,plasma_membrane_wga,gbdt,
a,2,23,checkpoint_average,plasma_membrane_wga,catboost_multirmse,
a,2,23,checkpoint_average,plasma_membrane_wga,mlp,
a,2,23,checkpoint_average,plasma_membrane_wga,tabm_specialists,
a,2,23,checkpoint_average,plasma_membrane_wga,scbutterfly_ops_b,
a,2,23,checkpoint_average,plasma_membrane_wga,resmlp_52head,
a,2,23,checkpoint_average,plasma_membrane_wga,multitab_pilot,
a,2,23,checkpoint_average,plasma_membrane_wga,midas_ops,
a,2,23,checkpoint_average,plasma_membrane_wga,scpair_ops,
a,2,23,checkpoint_average,plasma_membrane_wga,coherent_median_ensemble,
a,2,24,checkpoint_average,microtubules_map4,ridge,
a,2,24,checkpoint_average,microtubules_map4,gbdt,
a,2,24,checkpoint_average,microtubules_map4,catboost_multirmse,
a,2,24,checkpoint_average,microtubules_map4,mlp,
a,2,24,checkpoint_average,microtubules_map4,tabm_specialists,
a,2,24,checkpoint_average,microtubules_map4,scbutterfly_ops_b,
a,2,24,checkpoint_average,microtubules_map4,resmlp_52head,
a,2,24,checkpoint_average,microtubules_map4,multitab_pilot,
a,2,24,checkpoint_average,microtubules_map4,midas_ops,
a,2,24,checkpoint_average,microtubules_map4,scpair_ops,
a,2,24,checkpoint_average,microtubules_map4,coherent_median_ensemble,
a,2,25,checkpoint_average,lipid_droplet_plin2,ridge,
a,2,25,checkpoint_average,lipid_droplet_plin2,gbdt,
a,2,25,checkpoint_average,lipid_droplet_plin2,catboost_multirmse,
a,2,25,checkpoint_average,lipid_droplet_plin2,mlp,
a,2,25,checkpoint_average,lipid_droplet_plin2,tabm_specialists,
a,2,25,checkpoint_average,lipid_droplet_plin2,scbutterfly_ops_b,
a,2,25,checkpoint_average,lipid_droplet_plin2,resmlp_52head,
a,2,25,checkpoint_average,lipid_droplet_plin2,multitab_pilot,
a,2,25,checkpoint_average,lipid_droplet_plin2,midas_ops,
a,2,25,checkpoint_average,lipid_droplet_plin2,scpair_ops,
a,2,25,checkpoint_average,lipid_droplet_plin2,coherent_median_ensemble,
a,2,26,checkpoint_average,cell_proliferation_marker_mki67,ridge,
a,2,26,checkpoint_average,cell_proliferation_marker_mki67,gbdt,
a,2,26,checkpoint_average,cell_proliferation_marker_mki67,catboost_multirmse,
a,2,26,checkpoint_average,cell_proliferation_marker_mki67,mlp,
a,2,26,checkpoint_average,cell_proliferation_marker_mki67,tabm_specialists,
a,2,26,checkpoint_average,cell_proliferation_marker_mki67,scbutterfly_ops_b,
a,2,26,checkpoint_average,cell_proliferation_marker_mki67,resmlp_52head,
a,2,26,checkpoint_average,cell_proliferation_marker_mki67,multitab_pilot,
a,2,26,checkpoint_average,cell_proliferation_marker_mki67,midas_ops,
a,2,26,checkpoint_average,cell_proliferation_marker_mki67,scpair_ops,
a,2,26,checkpoint_average,cell_proliferation_marker_mki67,coherent_median_ensemble,
b,1,1,checkpoint_average,lysosome_lamp1,mlp,recoverability_r
b,1,2,checkpoint_average,lysosome_lamp1,midas_ops,recoverability_r
b,1,3,checkpoint_average,lysosome_lamp1,scbutterfly_ops_b,recoverability_r
b,1,1,checkpoint_average,lysosome_lamp1,mlp,magnitude_spearman
b,1,2,checkpoint_average,lysosome_lamp1,midas_ops,magnitude_spearman
b,1,3,checkpoint_average,lysosome_lamp1,scbutterfly_ops_b,magnitude_spearman
b,1,1,checkpoint_average,lysosome_lamp1,mlp,variance_ratio
b,1,2,checkpoint_average,lysosome_lamp1,midas_ops,variance_ratio
b,1,3,checkpoint_average,lysosome_lamp1,scbutterfly_ops_b,variance_ratio
b,1,1,checkpoint_average,lysosome_lamp1,mlp,top5pct_recall
b,1,2,checkpoint_average,lysosome_lamp1,midas_ops,top5pct_recall
b,1,3,checkpoint_average,lysosome_lamp1,scbutterfly_ops_b,top5pct_recall
