test,pearson_r
well_balanced_random_cell_halves,0.1475898750924578
well_balanced_random_cell_halves,0.21531787712158199
well_balanced_random_cell_halves,0.16675530879658482
well_balanced_random_cell_halves,0.1980502602740952
well_balanced_random_cell_halves,0.12158067635501935
well_balanced_random_cell_halves,0.13243451984939833
well_balanced_random_cell_halves,0.14269137538109794
well_balanced_random_cell_halves,0.1528944133731856
well_balanced_random_cell_halves,0.17510750334654118
well_balanced_random_cell_halves,0.1253424300200014
well_balanced_random_cell_halves,0.1549568438616513
well_balanced_random_cell_halves,0.18473002588988605
well_balanced_random_cell_halves,0.14478054599459544
well_balanced_random_cell_halves,0.16355578262183812
well_balanced_random_cell_halves,0.15473499931880472
well_balanced_random_cell_halves,0.16162399712231956
well_balanced_random_cell_halves,0.11049382656660421
well_balanced_random_cell_halves,0.16353652785023637
well_balanced_random_cell_halves,0.1595582377505124
well_balanced_random_cell_halves,0.17205304397486518
well_balanced_random_cell_halves,0.1555891950909547
well_balanced_random_cell_halves,0.19048965279606478
well_balanced_random_cell_halves,0.14968156270723512
well_balanced_random_cell_halves,0.16391577987206463
well_balanced_random_cell_halves,0.1518605917337167
well_balanced_random_cell_halves,0.1684958723319953
well_balanced_random_cell_halves,0.17328607030309448
well_balanced_random_cell_halves,0.1570982582750891
well_balanced_random_cell_halves,0.15565514598280708
well_balanced_random_cell_halves,0.17008288145682876
well_balanced_random_cell_halves,0.1738224971271073
well_balanced_random_cell_halves,0.16253287866873065
well_balanced_random_cell_halves,0.17441974777105826
well_balanced_random_cell_halves,0.16806617414868386
well_balanced_random_cell_halves,0.16823703815756122
well_balanced_random_cell_halves,0.19709602250355662
well_balanced_random_cell_halves,0.17039474477404534
well_balanced_random_cell_halves,0.20139630598311434
well_balanced_random_cell_halves,0.13133197605548416
well_balanced_random_cell_halves,0.18249197068738543
well_balanced_random_cell_halves,0.17225165807758053
well_balanced_random_cell_halves,0.14318744963849783
well_balanced_random_cell_halves,0.15195569712094278
well_balanced_random_cell_halves,0.1269377748300728
well_balanced_random_cell_halves,0.11438070218278584
well_balanced_random_cell_halves,0.13802024401276883
well_balanced_random_cell_halves,0.12077729277917154
well_balanced_random_cell_halves,0.1426506878101077
well_balanced_random_cell_halves,0.21251606159314657
well_balanced_random_cell_halves,0.17648350674960864
well_balanced_random_cell_halves,0.13717878378406162
well_balanced_random_cell_halves,0.12684112713322074
well_balanced_random_cell_halves,0.11227981086675548
well_balanced_random_cell_halves,0.1726454913800391
well_balanced_random_cell_halves,0.1452840194316449
well_balanced_random_cell_halves,0.16897659495578388
well_balanced_random_cell_halves,0.13409553506558888
well_balanced_random_cell_halves,0.1999811038063766
well_balanced_random_cell_halves,0.1713897335383534
well_balanced_random_cell_halves,0.12431681582864236
well_balanced_random_cell_halves,0.13069559699266525
well_balanced_random_cell_halves,0.16411572981001057
well_balanced_random_cell_halves,0.19725550625461236
well_balanced_random_cell_halves,0.14674621565069645
well_balanced_random_cell_halves,0.16284377093245392
well_balanced_random_cell_halves,0.20672090441524377
well_balanced_random_cell_halves,0.14640859549091492
well_balanced_random_cell_halves,0.1583921272231462
well_balanced_random_cell_halves,0.127121744555911
well_balanced_random_cell_halves,0.15982172878708684
well_balanced_random_cell_halves,0.1624721441102584
well_balanced_random_cell_halves,0.1458707145222101
well_balanced_random_cell_halves,0.13527109223227501
well_balanced_random_cell_halves,0.1525122459051617
well_balanced_random_cell_halves,0.14423876854639284
well_balanced_random_cell_halves,0.1513233520932173
well_balanced_random_cell_halves,0.17369723869038053
well_balanced_random_cell_halves,0.18020093250890787
well_balanced_random_cell_halves,0.14257221929110367
well_balanced_random_cell_halves,0.18868924675650492
well_balanced_random_cell_halves,0.15571036615507422
well_balanced_random_cell_halves,0.11428032513562227
well_balanced_random_cell_halves,0.1148485009473489
well_balanced_random_cell_halves,0.15287818877621928
well_balanced_random_cell_halves,0.16256802661075367
well_balanced_random_cell_halves,0.13894260576587475
well_balanced_random_cell_halves,0.16051057814997546
well_balanced_random_cell_halves,0.1549344820323828
well_balanced_random_cell_halves,0.1882691546938507
well_balanced_random_cell_halves,0.12797775231381267
well_balanced_random_cell_halves,0.17315615233455756
well_balanced_random_cell_halves,0.1535750224874928
well_balanced_random_cell_halves,0.1897328018681922
well_balanced_random_cell_halves,0.16277252507936063
well_balanced_random_cell_halves,0.15462822736192713
well_balanced_random_cell_halves,0.17361129333040623
well_balanced_random_cell_halves,0.20930592690722424
well_balanced_random_cell_halves,0.15293914069477826
well_balanced_random_cell_halves,0.1475344751865093
well_balanced_random_cell_halves,0.20688898409034273
