reporter_slug,arm,cell_pearson,gene_pearson
5xupre,covariate_matched_deranged,0.3861687959730625,0.469789752960205
5xupre,crossfit_gene_screen_residual,0.6550969305634499,
5xupre,exact_pair,0.6926883655786514,0.7499490767717362
5xupre,gene_screen_deranged,0.2804057255759835,0.3873513471335172
5xupre,remove_size_shape,0.6924128013849258,0.75151202917099
5xupre,size_shape_only,0.2391441844403743,0.3146945828199387
actin_filament_fastact_spy555_live_cell_dye,covariate_matched_deranged,0.6040001368770996,0.572793503726522
actin_filament_fastact_spy555_live_cell_dye,crossfit_gene_screen_residual,0.8613642811775207,
actin_filament_fastact_spy555_live_cell_dye,exact_pair,0.9041246088842552,0.9232436217367648
actin_filament_fastact_spy555_live_cell_dye,gene_screen_deranged,0.4243103057766954,0.2842518873823185
actin_filament_fastact_spy555_live_cell_dye,remove_size_shape,0.9037832086284956,0.9234826199710368
actin_filament_fastact_spy555_live_cell_dye,size_shape_only,0.2851316096261144,0.3623611502038935
autophagosome_atg101,covariate_matched_deranged,0.4185701904197533,0.4608496142240861
autophagosome_atg101,crossfit_gene_screen_residual,0.5797818457086882,
autophagosome_atg101,exact_pair,0.6586517455677192,0.7170203780134519
autophagosome_atg101,gene_screen_deranged,0.3064177672145888,0.3170558213256299
autophagosome_atg101,remove_size_shape,0.6591259814798832,0.7162848678727944
autophagosome_atg101,size_shape_only,0.2488347734014192,0.2706195809839603
autophagosome_map1lc3b,covariate_matched_deranged,0.7231861819823584,0.6597016366819541
autophagosome_map1lc3b,crossfit_gene_screen_residual,0.7818709942201773,
autophagosome_map1lc3b,exact_pair,0.8949203866223494,0.9069968024889628
autophagosome_map1lc3b,gene_screen_deranged,0.645345177128911,0.5609982855618
autophagosome_map1lc3b,remove_size_shape,0.895066250115633,0.906082351009051
autophagosome_map1lc3b,size_shape_only,0.2607112143188715,0.2345401237369514
b-catenin,covariate_matched_deranged,0.2959403015870339,0.3808569282169143
b-catenin,crossfit_gene_screen_residual,0.4788670066992441,
b-catenin,exact_pair,0.4865698561320702,0.558221155020098
b-catenin,gene_screen_deranged,0.0656021413047952,0.150377827376457
b-catenin,remove_size_shape,0.4888212132950624,0.5582218439939122
b-catenin,size_shape_only,0.2499742261366918,0.3164878826743612
c-myc,covariate_matched_deranged,0.2930560119201739,0.3808800256787799
c-myc,crossfit_gene_screen_residual,0.4474016050994396,
c-myc,exact_pair,0.458046290030082,0.5650585860013961
c-myc,gene_screen_deranged,0.0525151762090778,0.1273774027203519
c-myc,remove_size_shape,0.4598502127826213,0.5602195498347282
c-myc,size_shape_only,0.2781748835121592,0.3460367401128557
caspase_activity_cellevent-caspase_live-cell_dye,covariate_matched_deranged,0.2282952537634021,0.2850161570298951
caspase_activity_cellevent-caspase_live-cell_dye,crossfit_gene_screen_residual,0.5199874856819708,
caspase_activity_cellevent-caspase_live-cell_dye,exact_pair,0.5375786899278562,0.5904897607552508
caspase_activity_cellevent-caspase_live-cell_dye,gene_screen_deranged,0.0992328140739118,0.1747704881195507
caspase_activity_cellevent-caspase_live-cell_dye,remove_size_shape,0.5385318918774525,0.5883303369395435
caspase_activity_cellevent-caspase_live-cell_dye,size_shape_only,0.2304772747447713,0.2565306977267292
cell_proliferation_marker_mki67,covariate_matched_deranged,0.5001171994954348,0.3303755364070336
cell_proliferation_marker_mki67,crossfit_gene_screen_residual,0.5995526724805434,
cell_proliferation_marker_mki67,exact_pair,0.7315242397288481,0.6970430443684259
cell_proliferation_marker_mki67,gene_screen_deranged,0.4651527046846846,0.2165107049552412
cell_proliferation_marker_mki67,remove_size_shape,0.7322314793864886,0.6982483054200809
cell_proliferation_marker_mki67,size_shape_only,0.1597216529150803,0.1751817925755555
chaperones_hspa1b,covariate_matched_deranged,0.5636610558877388,0.5116601117576163
chaperones_hspa1b,crossfit_gene_screen_residual,0.7075882859528064,
chaperones_hspa1b,exact_pair,0.78846741716067,0.8258301466703415
chaperones_hspa1b,gene_screen_deranged,0.4750190671533346,0.3324985888476173
chaperones_hspa1b,remove_size_shape,0.7888051964342594,0.8266154838105043
chaperones_hspa1b,size_shape_only,0.2524429348607858,0.3302531021142688
chromalive_488_excitation,covariate_matched_deranged,0.4372214742004871,0.4309090272213021
chromalive_488_excitation,crossfit_gene_screen_residual,0.6845896470050017,
chromalive_488_excitation,exact_pair,0.7679530719916026,0.7782034076750278
chromalive_488_excitation,gene_screen_deranged,0.3624945969010392,0.2325396631509647
chromalive_488_excitation,remove_size_shape,0.7682351015508175,0.7770544230937958
chromalive_488_excitation,size_shape_only,0.1681614633649587,0.2481367303640581
chromatin_h2bc21,covariate_matched_deranged,0.2808420254538456,0.4516124567016959
chromatin_h2bc21,crossfit_gene_screen_residual,0.6300895884633064,
chromatin_h2bc21,exact_pair,0.6434166714549064,0.7792011243601641
chromatin_h2bc21,gene_screen_deranged,0.1140682763885706,0.3002603556301134
chromatin_h2bc21,remove_size_shape,0.6459924926360449,0.782320392380158
chromatin_h2bc21,size_shape_only,0.1928130982133248,0.2873552061146863
clathrin_vesicles_clta,covariate_matched_deranged,0.5564823759719729,0.6001544165114561
clathrin_vesicles_clta,crossfit_gene_screen_residual,0.8515491654475531,
clathrin_vesicles_clta,exact_pair,0.8764776892960071,0.919895940522353
clathrin_vesicles_clta,gene_screen_deranged,0.2559867480342897,0.3681219494804584
clathrin_vesicles_clta,remove_size_shape,0.8756193136175474,0.9195813288291296
clathrin_vesicles_clta,size_shape_only,0.4393242082869013,0.4483290262209872
early_endosome_eea1,covariate_matched_deranged,0.548659159988165,0.7180811673402786
early_endosome_eea1,crossfit_gene_screen_residual,0.8152466786404451,
early_endosome_eea1,exact_pair,0.8358397973080477,0.9277063076694808
early_endosome_eea1,gene_screen_deranged,0.2981351261308494,0.68566879988648
early_endosome_eea1,remove_size_shape,0.8347182636459669,0.9275051976243656
early_endosome_eea1,size_shape_only,0.4155675290152431,0.4783915331218547
endocytic_vesicle_ph_phrodo-dextran_live_cell_dye,covariate_matched_deranged,0.6882156898578009,0.4783181592123583
endocytic_vesicle_ph_phrodo-dextran_live_cell_dye,crossfit_gene_screen_residual,0.62280978312095,
endocytic_vesicle_ph_phrodo-dextran_live_cell_dye,exact_pair,0.8036594157417616,0.7598993336160977
endocytic_vesicle_ph_phrodo-dextran_live_cell_dye,gene_screen_deranged,0.6091929135223231,0.2641102821410944
endocytic_vesicle_ph_phrodo-dextran_live_cell_dye,remove_size_shape,0.8032393323878446,0.7556777656078338
endocytic_vesicle_ph_phrodo-dextran_live_cell_dye,size_shape_only,0.344085456803441,0.2806766039148594
endosome_vps35,covariate_matched_deranged,0.6334985561668873,0.5804909184575081
endosome_vps35,crossfit_gene_screen_residual,0.7593117468059063,
endosome_vps35,exact_pair,0.8326651627818743,0.8351465610166391
endosome_vps35,gene_screen_deranged,0.4729368293657899,0.2221786998677998
endosome_vps35,remove_size_shape,0.8323757057388624,0.8335620656609535
endosome_vps35,size_shape_only,0.305921871587634,0.3603746429957634
er_cona,covariate_matched_deranged,0.3707345651876594,0.5411851365015738
er_cona,crossfit_gene_screen_residual,0.5455096004737748,
er_cona,exact_pair,0.5566463968820041,0.7114657176865472
er_cona,gene_screen_deranged,0.0651713486510238,0.1639510853393908
er_cona,remove_size_shape,0.5552332840445968,0.708442652059926
er_cona,size_shape_only,0.3369661199187653,0.5041000404155864
er_golgi_bridge_vapa,covariate_matched_deranged,0.3879058979451656,0.5004866179389258
er_golgi_bridge_vapa,crossfit_gene_screen_residual,0.7434584592779478,
er_golgi_bridge_vapa,exact_pair,0.755747049426039,0.8204837463796139
er_golgi_bridge_vapa,gene_screen_deranged,0.1604540819030565,0.390772941665879
er_golgi_bridge_vapa,remove_size_shape,0.7554354354739189,0.8190540547172228
er_golgi_bridge_vapa,size_shape_only,0.2933803319310148,0.3549686636775732
er_golgi_cop-ii_sec23a,covariate_matched_deranged,0.5870121202121179,0.7051058846215407
er_golgi_cop-ii_sec23a,crossfit_gene_screen_residual,0.8264649537702402,
er_golgi_cop-ii_sec23a,exact_pair,0.8493763948480287,0.9360233217477798
er_golgi_cop-ii_sec23a,gene_screen_deranged,0.2615070451128606,0.625398172903806
er_golgi_cop-ii_sec23a,remove_size_shape,0.8481093173225721,0.935441746811072
er_golgi_cop-ii_sec23a,size_shape_only,0.4344399060433109,0.4013724556886396
er_golgi_cope,covariate_matched_deranged,0.6780486707886061,0.5184029022852579
er_golgi_cope,crossfit_gene_screen_residual,0.7333207711577415,
er_golgi_cope,exact_pair,0.83749998336037,0.8314022888739905
er_golgi_cope,gene_screen_deranged,0.5928770184516907,0.2585614952258765
er_golgi_cope,remove_size_shape,0.8376287358502547,0.8333545575539272
er_golgi_cope,size_shape_only,0.212830859174331,0.3053863059108456
er_ncln,covariate_matched_deranged,0.3088319919382532,0.4025864244438707
er_ncln,crossfit_gene_screen_residual,0.5328014083206654,
er_ncln,exact_pair,0.5423569830134511,0.6572705126057068
er_ncln,gene_screen_deranged,0.0774264932462149,0.2292718256086421
er_ncln,remove_size_shape,0.5440698081006606,0.6508859710146984
er_ncln,size_shape_only,0.2840391602988044,0.3280565658584237
er_sec61b,covariate_matched_deranged,0.5396823885540167,0.5794913838307062
er_sec61b,crossfit_gene_screen_residual,0.7383345571657022,
er_sec61b,exact_pair,0.7581680220862229,0.8084788573284944
er_sec61b,gene_screen_deranged,0.2353510757636589,0.3243551032229637
er_sec61b,remove_size_shape,0.758513804525137,0.8087311791876951
er_sec61b,size_shape_only,0.4741063926368952,0.5014529157429933
f-actin_phalloidin,covariate_matched_deranged,0.3816772249009874,0.5329469703965717
f-actin_phalloidin,crossfit_gene_screen_residual,0.5859846695015827,
f-actin_phalloidin,exact_pair,0.5973769512441424,0.7475827967127164
f-actin_phalloidin,gene_screen_deranged,0.0778910098561027,0.1795011168817937
f-actin_phalloidin,remove_size_shape,0.5964525416493416,0.7465836596157815
f-actin_phalloidin,size_shape_only,0.3388910771606283,0.4835264641843322
fe2+_ferhonox_live-cell_dye,covariate_matched_deranged,0.913180503497521,0.5841787101545682
fe2+_ferhonox_live-cell_dye,crossfit_gene_screen_residual,0.84174675544103,
fe2+_ferhonox_live-cell_dye,exact_pair,0.956857910255591,0.9102582576374212
fe2+_ferhonox_live-cell_dye,gene_screen_deranged,0.8412571364703277,0.4481132470381756
fe2+_ferhonox_live-cell_dye,remove_size_shape,0.956576388825973,0.9103204709788164
fe2+_ferhonox_live-cell_dye,size_shape_only,0.250061057259639,0.2254542406182735
late_endosome_rab7a,covariate_matched_deranged,0.5388409473001957,0.5650837173064549
late_endosome_rab7a,crossfit_gene_screen_residual,0.857566662877798,
late_endosome_rab7a,exact_pair,0.8910075969994068,0.9233540832996368
late_endosome_rab7a,gene_screen_deranged,0.3524337814499934,0.3322775669628753
late_endosome_rab7a,remove_size_shape,0.8911029641826949,0.922892127931118
late_endosome_rab7a,size_shape_only,0.3175516049688061,0.335594813649853
lipid_droplet_bodipy_live_cell_dye,covariate_matched_deranged,0.5772290538996458,0.6279118873178959
lipid_droplet_bodipy_live_cell_dye,crossfit_gene_screen_residual,0.8378695406019687,
lipid_droplet_bodipy_live_cell_dye,exact_pair,0.8731923297047615,0.9281092363099256
lipid_droplet_bodipy_live_cell_dye,gene_screen_deranged,0.3488152887206525,0.5382194368711983
lipid_droplet_bodipy_live_cell_dye,remove_size_shape,0.8727718045314153,0.928798481822014
lipid_droplet_bodipy_live_cell_dye,size_shape_only,0.4581916971132159,0.4089067853676775
lipid_droplet_plin2,covariate_matched_deranged,0.6675232499837875,0.2850028546080769
lipid_droplet_plin2,crossfit_gene_screen_residual,0.649961203088363,
lipid_droplet_plin2,exact_pair,0.8206731838484606,0.702792240679264
lipid_droplet_plin2,gene_screen_deranged,0.6064247846603393,0.1317771316942525
lipid_droplet_plin2,remove_size_shape,0.8220517764488855,0.698927904292941
lipid_droplet_plin2,size_shape_only,0.2112466440846522,0.1533343054868358
lysosome_lamp1,covariate_matched_deranged,0.4376691597203413,0.4720088899135589
lysosome_lamp1,crossfit_gene_screen_residual,0.7009808979928493,
lysosome_lamp1,exact_pair,0.7370081414779027,0.7503782788912454
lysosome_lamp1,gene_screen_deranged,0.2657519807651017,0.2921798619679369
lysosome_lamp1,remove_size_shape,0.737501243998607,0.7529019246498744
lysosome_lamp1,size_shape_only,0.2618719974532723,0.3146244640132257
lysosome_lysotracker_live-cell_dye,covariate_matched_deranged,0.5939756271739801,0.7710759269694487
lysosome_lysotracker_live-cell_dye,crossfit_gene_screen_residual,0.8559765037149191,
lysosome_lysotracker_live-cell_dye,exact_pair,0.8932457673052946,0.9389885276556016
lysosome_lysotracker_live-cell_dye,gene_screen_deranged,0.419493615499232,0.6902029426263956
lysosome_lysotracker_live-cell_dye,remove_size_shape,0.8923371594399214,0.9380358949303628
lysosome_lysotracker_live-cell_dye,size_shape_only,0.3059761314342419,0.4613294928024212
microtubules_map4,covariate_matched_deranged,0.4755274385213852,0.5796241169174512
microtubules_map4,crossfit_gene_screen_residual,0.7131316383679708,
microtubules_map4,exact_pair,0.7241087769468625,0.8217552954951921
microtubules_map4,gene_screen_deranged,0.1241444989417989,0.3177228313405066
microtubules_map4,remove_size_shape,0.7237428161005178,0.822013254960378
microtubules_map4,size_shape_only,0.4214182348301013,0.4905453506236276
microtubules_tubulin,covariate_matched_deranged,0.3708136450499296,0.5219867558528979
microtubules_tubulin,crossfit_gene_screen_residual,0.5644395710279545,
microtubules_tubulin,exact_pair,0.5753699077086316,0.7260338619765309
microtubules_tubulin,gene_screen_deranged,0.0567575506365149,0.1506268005245752
microtubules_tubulin,remove_size_shape,0.5743381022579139,0.722144526657131
microtubules_tubulin,size_shape_only,0.3293497727252542,0.4763357966724369
mitochondria_chromalive_561_excitation,covariate_matched_deranged,0.6713525240619977,0.6178403736402591
mitochondria_chromalive_561_excitation,crossfit_gene_screen_residual,0.6743477173149586,
mitochondria_chromalive_561_excitation,exact_pair,0.8145184126993021,0.8134418331086636
mitochondria_chromalive_561_excitation,gene_screen_deranged,0.5475955553042392,0.4336266595404595
mitochondria_chromalive_561_excitation,remove_size_shape,0.8150967339674631,0.8166040567060312
mitochondria_chromalive_561_excitation,size_shape_only,0.3373847135032216,0.5426827900111675
mitochondria_tomm20,covariate_matched_deranged,0.3231043790570563,0.4960681572090834
mitochondria_tomm20,crossfit_gene_screen_residual,0.5154900362094244,
mitochondria_tomm20,exact_pair,0.5275960248998469,0.6913139553947582
mitochondria_tomm20,gene_screen_deranged,0.0557247673167188,0.1810901222065795
mitochondria_tomm20,remove_size_shape,0.5257364773915874,0.6902679459295339
mitochondria_tomm20,size_shape_only,0.2931917107353607,0.4591478349637731
mitochondria_tomm70a,covariate_matched_deranged,0.6360867850482463,0.5371367954959472
mitochondria_tomm70a,crossfit_gene_screen_residual,0.6274685134490332,
mitochondria_tomm70a,exact_pair,0.7769943192601204,0.7493476462860902
mitochondria_tomm70a,gene_screen_deranged,0.5375906325411052,0.3109222728235181
mitochondria_tomm70a,remove_size_shape,0.7774584415058294,0.7499757386744023
mitochondria_tomm70a,size_shape_only,0.2250020435079932,0.2344802896530987
nuclear_speckles_srrm2,covariate_matched_deranged,0.650923029333353,0.425163075638314
nuclear_speckles_srrm2,crossfit_gene_screen_residual,0.7635432553788026,
nuclear_speckles_srrm2,exact_pair,0.8645843317111334,0.8753239949544271
nuclear_speckles_srrm2,gene_screen_deranged,0.584540191416939,0.4272581491231297
nuclear_speckles_srrm2,remove_size_shape,0.864513611793518,0.8753743767738342
nuclear_speckles_srrm2,size_shape_only,0.1803254150475064,0.2273542856254304
nuclei_hoechst,covariate_matched_deranged,0.3079077793657779,0.4267918512225151
nuclei_hoechst,crossfit_gene_screen_residual,0.6775210792819658,
nuclei_hoechst,exact_pair,0.6873320666948954,0.7592073032259942
nuclei_hoechst,gene_screen_deranged,0.0729161455916861,0.1155913189383378
nuclei_hoechst,remove_size_shape,0.6858315292000771,0.7573261279861132
nuclei_hoechst,size_shape_only,0.2791367559134959,0.4052683777610461
nuclei_nucleolive_live_cell_dye,covariate_matched_deranged,0.5225818034261465,0.5887980783979098
nuclei_nucleolive_live_cell_dye,crossfit_gene_screen_residual,0.6477098722010851,
nuclei_nucleolive_live_cell_dye,exact_pair,0.7406819442907969,0.8505064211785793
nuclei_nucleolive_live_cell_dye,gene_screen_deranged,0.3980256618931889,0.2788351715387155
nuclei_nucleolive_live_cell_dye,remove_size_shape,0.7408008599032959,0.8505408339202404
nuclei_nucleolive_live_cell_dye,size_shape_only,0.2343950722366571,0.1084029411819452
nucleoli_npm1,covariate_matched_deranged,0.1784966441569849,0.2851919109302899
nucleoli_npm1,crossfit_gene_screen_residual,0.4294558096677064,
nucleoli_npm1,exact_pair,0.4369914656711949,0.5388009467679593
nucleoli_npm1,gene_screen_deranged,0.0255413927131384,0.0738742576675778
nucleoli_npm1,remove_size_shape,0.436684236344364,0.5384366379015976
nucleoli_npm1,size_shape_only,0.16094047925435,0.272484900669143
nucleolus-dfc_fbl,covariate_matched_deranged,0.6501955231030782,0.400557043030858
nucleolus-dfc_fbl,crossfit_gene_screen_residual,0.6683127043147882,
nucleolus-dfc_fbl,exact_pair,0.8291109556953111,0.7960615585247676
nucleolus-dfc_fbl,gene_screen_deranged,0.5969430863857269,0.2936507224105298
nucleolus-dfc_fbl,remove_size_shape,0.8295111815134686,0.7966209759314855
nucleolus-dfc_fbl,size_shape_only,0.2005824600035945,0.1170982057151073
nucleolus-gc_npm3,covariate_matched_deranged,0.5694312496731679,0.4138086471706629
nucleolus-gc_npm3,crossfit_gene_screen_residual,0.6968838311731815,
nucleolus-gc_npm3,exact_pair,0.8257812584439913,0.8384222944577535
nucleolus-gc_npm3,gene_screen_deranged,0.4762778352946043,0.4215484958762923
nucleolus-gc_npm3,remove_size_shape,0.826586971928676,0.8391495118538538
nucleolus-gc_npm3,size_shape_only,0.1955725795278946,0.1089035275232163
oxidative_stress_cellrox_live-cell_dye,covariate_matched_deranged,0.5724257346242666,0.5046440625408043
oxidative_stress_cellrox_live-cell_dye,crossfit_gene_screen_residual,0.6156181731571755,
oxidative_stress_cellrox_live-cell_dye,exact_pair,0.7772810893754165,0.6715305698414643
oxidative_stress_cellrox_live-cell_dye,gene_screen_deranged,0.4920433670282363,0.3667409972537522
oxidative_stress_cellrox_live-cell_dye,remove_size_shape,0.7791121323903403,0.6728189976265033
oxidative_stress_cellrox_live-cell_dye,size_shape_only,0.183732799688975,0.1521938137574276
p21,covariate_matched_deranged,0.3242713551223278,0.4987009449054797
p21,crossfit_gene_screen_residual,0.4002207591136296,
p21,exact_pair,0.4202565080920855,0.6163703919450442
p21,gene_screen_deranged,0.1134067671875042,0.3529876340863605
p21,remove_size_shape,0.4214192091425259,0.6104803324739139
p21,size_shape_only,0.3248092271387577,0.4619727003574371
p53,covariate_matched_deranged,0.2494179525971412,0.4484753550216555
p53,crossfit_gene_screen_residual,0.3999791536231835,
p53,exact_pair,0.4157117112974325,0.5893005734682084
p53,gene_screen_deranged,0.0672738212779707,0.2680094826764737
p53,remove_size_shape,0.4180706981321175,0.5996146253744762
p53,size_shape_only,0.2299382185563445,0.3906041089522962
peroxisome_peroxi_spy650_live_cell_dye,covariate_matched_deranged,0.6615618098527193,0.4259685875847935
peroxisome_peroxi_spy650_live_cell_dye,crossfit_gene_screen_residual,0.7385919665296872,
peroxisome_peroxi_spy650_live_cell_dye,exact_pair,0.8633405114213627,0.8052290680507819
peroxisome_peroxi_spy650_live_cell_dye,gene_screen_deranged,0.5540188259755572,0.1589274667901918
peroxisome_peroxi_spy650_live_cell_dye,remove_size_shape,0.8633277249832949,0.8091389586528143
peroxisome_peroxi_spy650_live_cell_dye,size_shape_only,0.2466716096426049,0.2816863555791011
plasma_membrane_atp1b3,covariate_matched_deranged,0.4013521395002802,0.5033113673329354
plasma_membrane_atp1b3,crossfit_gene_screen_residual,0.6091111168265343,
plasma_membrane_atp1b3,exact_pair,0.6581316788991292,0.75944919064641
plasma_membrane_atp1b3,gene_screen_deranged,0.2845781100913881,0.3768401247138778
plasma_membrane_atp1b3,remove_size_shape,0.6595185870925585,0.7613293421765168
plasma_membrane_atp1b3,size_shape_only,0.2197114965567985,0.2735226767797333
plasma_membrane_slc3a2,covariate_matched_deranged,0.6323920461038748,0.7199097335338592
plasma_membrane_slc3a2,crossfit_gene_screen_residual,0.8291029572486878,
plasma_membrane_slc3a2,exact_pair,0.8586463987827301,0.9131670052806536
plasma_membrane_slc3a2,gene_screen_deranged,0.33304426651448,0.4680428436899092
plasma_membrane_slc3a2,remove_size_shape,0.858358776072661,0.9131583834687867
plasma_membrane_slc3a2,size_shape_only,0.5075688838958741,0.5721364680677652
plasma_membrane_wga,covariate_matched_deranged,0.4047777961318691,0.549973802247809
plasma_membrane_wga,crossfit_gene_screen_residual,0.5965369283325141,
plasma_membrane_wga,exact_pair,0.607748916082912,0.7499797479146058
plasma_membrane_wga,gene_screen_deranged,0.0849652280801819,0.1804953532117199
plasma_membrane_wga,remove_size_shape,0.6071131387518511,0.7491643836100896
plasma_membrane_wga,size_shape_only,0.3677911976352334,0.518885613936517
prb,covariate_matched_deranged,0.1270619278486507,0.3205595254823493
prb,crossfit_gene_screen_residual,0.3093041737377643,
prb,exact_pair,0.3286810016632079,0.4896593461930751
prb,gene_screen_deranged,0.0375636142713483,0.1991936544476387
prb,remove_size_shape,0.3287388107180595,0.4776097299166334
prb,size_shape_only,0.1284636591227414,0.2866071743497741
proteasome_psmb7,covariate_matched_deranged,0.5544986153642337,0.412797541807716
proteasome_psmb7,crossfit_gene_screen_residual,0.4747281527146697,
proteasome_psmb7,exact_pair,0.6535785918434461,0.6016467505289862
proteasome_psmb7,gene_screen_deranged,0.4884521175175905,0.2567188878621285
proteasome_psmb7,remove_size_shape,0.6545403135319551,0.6050694485350201
proteasome_psmb7,size_shape_only,0.2086732195069392,0.2574865328768888
ps6,covariate_matched_deranged,0.3255097777869863,0.394929649985861
ps6,crossfit_gene_screen_residual,0.5104235907519857,
ps6,exact_pair,0.5212420811907699,0.5865411626764884
ps6,gene_screen_deranged,0.0761513235352079,0.1578520507326659
ps6,remove_size_shape,0.521198859848082,0.5878663868037984
ps6,size_shape_only,0.2534952412064498,0.3229109687179637
recycling_endosome_tfrc,covariate_matched_deranged,0.6358928037186463,0.639441347370545
recycling_endosome_tfrc,crossfit_gene_screen_residual,0.7967262844244638,
recycling_endosome_tfrc,exact_pair,0.8716117322444916,0.8925565471251806
recycling_endosome_tfrc,gene_screen_deranged,0.5029281518111626,0.3370985241417656
recycling_endosome_tfrc,remove_size_shape,0.871815145512422,0.8942880590756734
recycling_endosome_tfrc,size_shape_only,0.257678925866882,0.4498269600861627
stress_granule_g3bp1,covariate_matched_deranged,0.5512249451130629,0.6611001196006934
stress_granule_g3bp1,crossfit_gene_screen_residual,0.8661385881404081,
stress_granule_g3bp1,exact_pair,0.8774110093712807,0.934962415198485
stress_granule_g3bp1,gene_screen_deranged,0.1413743587210774,0.3485867538722232
stress_granule_g3bp1,remove_size_shape,0.8768719839553037,0.9344605579972268
stress_granule_g3bp1,size_shape_only,0.4480812112490335,0.5641134954988957
trans-golgi_vamp3,covariate_matched_deranged,0.4329612473646799,0.3939439843874425
trans-golgi_vamp3,crossfit_gene_screen_residual,0.6400322658320268,
trans-golgi_vamp3,exact_pair,0.6643884502351284,0.6881281577050686
trans-golgi_vamp3,gene_screen_deranged,0.2693389405651639,0.085913727208026
trans-golgi_vamp3,remove_size_shape,0.657962886740764,0.684617921213309
trans-golgi_vamp3,size_shape_only,0.3054956359167893,0.3291043992503545
